date,file_name,product,file_size_mb,status
2015-01-01,MOD17A2HGF.A2015001.h17v05.061.2021343133437.hdf,MOD17A2HGF,5.32,Downloaded
2015-01-09,MOD17A2HGF.A2015009.h17v05.061.2021343193052.hdf,MOD17A2HGF,5.26,Downloaded
2015-01-17,MOD17A2HGF.A2015017.h17v05.061.2021344000225.hdf,MOD17A2HGF,5.16,Downloaded
2015-01-25,MOD17A2HGF.A2015025.h17v05.061.2021344041612.hdf,MOD17A2HGF,5.54,Downloaded
2015-02-02,MOD17A2HGF.A2015033.h17v05.061.2021344090503.hdf,MOD17A2HGF,5.34,Downloaded
2015-02-10,MOD17A2HGF.A2015041.h17v05.061.2021344135222.hdf,MOD17A2HGF,5.77,Downloaded
2015-02-18,MOD17A2HGF.A2015049.h17v05.061.2021344174957.hdf,MOD17A2HGF,5.77,Downloaded
2015-02-26,MOD17A2HGF.A2015057.h17v05.061.2021344205656.hdf,MOD17A2HGF,6.0,Downloaded
2015-03-06,MOD17A2HGF.A2015065.h17v05.061.2021344231639.hdf,MOD17A2HGF,5.9,Downloaded
2015-03-14,MOD17A2HGF.A2015073.h17v05.061.2021345002600.hdf,MOD17A2HGF,5.98,Downloaded
2015-03-22,MOD17A2HGF.A2015081.h17v05.061.2021345013051.hdf,MOD17A2HGF,6.09,Downloaded
2015-03-30,MOD17A2HGF.A2015089.h17v05.061.2021345035338.hdf,MOD17A2HGF,5.99,Downloaded
2015-04-07,MOD17A2HGF.A2015097.h17v05.061.2021345083934.hdf,MOD17A2HGF,6.05,Downloaded
2015-04-15,MOD17A2HGF.A2015105.h17v05.061.2021345124300.hdf,MOD17A2HGF,6.2,Downloaded
2015-04-23,MOD17A2HGF.A2015113.h17v05.061.2021345163809.hdf,MOD17A2HGF,5.95,Downloaded
2015-05-01,MOD17A2HGF.A2015121.h17v05.061.2021345205153.hdf,MOD17A2HGF,5.78,Downloaded
2015-05-09,MOD17A2HGF.A2015129.h17v05.061.2021346002057.hdf,MOD17A2HGF,5.46,Downloaded
2015-05-17,MOD17A2HGF.A2015137.h17v05.061.2021346013526.hdf,MOD17A2HGF,5.75,Downloaded
2015-05-25,MOD17A2HGF.A2015145.h17v05.061.2021346024852.hdf,MOD17A2HGF,5.7,Downloaded
2015-06-02,MOD17A2HGF.A2015153.h17v05.061.2021346064437.hdf,MOD17A2HGF,5.45,Downloaded
2015-06-10,MOD17A2HGF.A2015161.h17v05.061.2021346130537.hdf,MOD17A2HGF,5.8,Downloaded
2015-06-18,MOD17A2HGF.A2015169.h17v05.061.2021346175518.hdf,MOD17A2HGF,5.48,Downloaded
2015-06-26,MOD17A2HGF.A2015177.h17v05.061.2021346230149.hdf,MOD17A2HGF,5.09,Downloaded
2015-07-04,MOD17A2HGF.A2015185.h17v05.061.2021347032538.hdf,MOD17A2HGF,5.02,Downloaded
2015-07-12,MOD17A2HGF.A2015193.h17v05.061.2021347090834.hdf,MOD17A2HGF,5.03,Downloaded
2015-07-20,MOD17A2HGF.A2015201.h17v05.061.2021347180145.hdf,MOD17A2HGF,5.07,Downloaded
2015-07-28,MOD17A2HGF.A2015209.h17v05.061.2021347223053.hdf,MOD17A2HGF,5.08,Downloaded
2015-08-05,MOD17A2HGF.A2015217.h17v05.061.2021348014636.hdf,MOD17A2HGF,4.85,Downloaded
2015-08-13,MOD17A2HGF.A2015225.h17v05.061.2021348061059.hdf,MOD17A2HGF,5.36,Downloaded
2015-08-21,MOD17A2HGF.A2015233.h17v05.061.2021348111747.hdf,MOD17A2HGF,5.28,Downloaded
2015-08-29,MOD17A2HGF.A2015241.h17v05.061.2021348162515.hdf,MOD17A2HGF,5.22,Downloaded
2015-09-06,MOD17A2HGF.A2015249.h17v05.061.2021348204609.hdf,MOD17A2HGF,5.28,Downloaded
2015-09-14,MOD17A2HGF.A2015257.h17v05.061.2021349003131.hdf,MOD17A2HGF,5.34,Downloaded
2015-09-22,MOD17A2HGF.A2015265.h17v05.061.2021349043732.hdf,MOD17A2HGF,5.21,Downloaded
2015-09-30,MOD17A2HGF.A2015273.h17v05.061.2021349085651.hdf,MOD17A2HGF,5.16,Downloaded
2015-10-08,MOD17A2HGF.A2015281.h17v05.061.2021349191127.hdf,MOD17A2HGF,5.45,Downloaded
2015-10-16,MOD17A2HGF.A2015289.h17v05.061.2021350002023.hdf,MOD17A2HGF,5.35,Downloaded
2015-10-24,MOD17A2HGF.A2015297.h17v05.061.2021350053934.hdf,MOD17A2HGF,5.48,Downloaded
2015-11-01,MOD17A2HGF.A2015305.h17v05.061.2021350103426.hdf,MOD17A2HGF,5.3,Downloaded
2015-11-09,MOD17A2HGF.A2015313.h17v05.061.2021350142438.hdf,MOD17A2HGF,5.31,Downloaded
2015-11-17,MOD17A2HGF.A2015321.h17v05.061.2021350193431.hdf,MOD17A2HGF,5.23,Downloaded
2015-11-25,MOD17A2HGF.A2015329.h17v05.061.2021351003955.hdf,MOD17A2HGF,5.15,Downloaded
2015-12-03,MOD17A2HGF.A2015337.h17v05.061.2021351070859.hdf,MOD17A2HGF,5.07,Downloaded
2015-12-11,MOD17A2HGF.A2015345.h17v05.061.2021351124019.hdf,MOD17A2HGF,5.05,Downloaded
2015-12-19,MOD17A2HGF.A2015353.h17v05.061.2021351170426.hdf,MOD17A2HGF,5.09,Downloaded
2015-12-27,MOD17A2HGF.A2015361.h17v05.061.2021351193504.hdf,MOD17A2HGF,4.54,Downloaded
2016-01-01,MOD17A2HGF.A2016001.h17v05.061.2022001154417.hdf,MOD17A2HGF,5.05,Downloaded
2016-01-09,MOD17A2HGF.A2016009.h17v05.061.2022001162418.hdf,MOD17A2HGF,5.26,Downloaded
2016-01-17,MOD17A2HGF.A2016017.h17v05.061.2022001170324.hdf,MOD17A2HGF,5.28,Downloaded
2016-01-25,MOD17A2HGF.A2016025.h17v05.061.2022001174115.hdf,MOD17A2HGF,5.54,Downloaded
2016-02-02,MOD17A2HGF.A2016033.h17v05.061.2022001183052.hdf,MOD17A2HGF,5.49,Downloaded
2016-02-10,MOD17A2HGF.A2016041.h17v05.061.2022001191256.hdf,MOD17A2HGF,5.55,Downloaded
2016-02-18,MOD17A2HGF.A2016049.h17v05.061.2022001195546.hdf,MOD17A2HGF,5.44,Downloaded
2016-02-26,MOD17A2HGF.A2016057.h17v05.061.2022001203621.hdf,MOD17A2HGF,5.75,Downloaded
2016-03-05,MOD17A2HGF.A2016065.h17v05.061.2022001211713.hdf,MOD17A2HGF,5.8,Downloaded
2016-03-13,MOD17A2HGF.A2016073.h17v05.061.2022001215727.hdf,MOD17A2HGF,5.95,Downloaded
2016-03-21,MOD17A2HGF.A2016081.h17v05.061.2022001223941.hdf,MOD17A2HGF,5.98,Downloaded
2016-03-29,MOD17A2HGF.A2016089.h17v05.061.2022001232215.hdf,MOD17A2HGF,5.97,Downloaded
2016-04-06,MOD17A2HGF.A2016097.h17v05.061.2022002000455.hdf,MOD17A2HGF,5.95,Downloaded
2016-04-14,MOD17A2HGF.A2016105.h17v05.061.2022002004738.hdf,MOD17A2HGF,6.21,Downloaded
2016-04-22,MOD17A2HGF.A2016113.h17v05.061.2022002013345.hdf,MOD17A2HGF,5.95,Downloaded
2016-04-30,MOD17A2HGF.A2016121.h17v05.061.2022002021909.hdf,MOD17A2HGF,5.84,Downloaded
2016-05-08,MOD17A2HGF.A2016129.h17v05.061.2022002030654.hdf,MOD17A2HGF,6.24,Downloaded
2016-05-16,MOD17A2HGF.A2016137.h17v05.061.2022002034906.hdf,MOD17A2HGF,5.85,Downloaded
2016-05-24,MOD17A2HGF.A2016145.h17v05.061.2022002043546.hdf,MOD17A2HGF,5.95,Downloaded
2016-06-01,MOD17A2HGF.A2016153.h17v05.061.2022002052030.hdf,MOD17A2HGF,5.55,Downloaded
2016-06-09,MOD17A2HGF.A2016161.h17v05.061.2022002060528.hdf,MOD17A2HGF,5.56,Downloaded
2016-06-17,MOD17A2HGF.A2016169.h17v05.061.2022002065424.hdf,MOD17A2HGF,5.36,Downloaded
2016-06-25,MOD17A2HGF.A2016177.h17v05.061.2022002074807.hdf,MOD17A2HGF,5.27,Downloaded
2016-07-03,MOD17A2HGF.A2016185.h17v05.061.2022002090402.hdf,MOD17A2HGF,5.21,Downloaded
2016-07-11,MOD17A2HGF.A2016193.h17v05.061.2022002101716.hdf,MOD17A2HGF,4.93,Downloaded
2016-07-19,MOD17A2HGF.A2016201.h17v05.061.2022002110140.hdf,MOD17A2HGF,4.85,Downloaded
2016-07-27,MOD17A2HGF.A2016209.h17v05.061.2022002114408.hdf,MOD17A2HGF,4.98,Downloaded
2016-08-04,MOD17A2HGF.A2016217.h17v05.061.2022002122649.hdf,MOD17A2HGF,4.95,Downloaded
2016-08-12,MOD17A2HGF.A2016225.h17v05.061.2022002131115.hdf,MOD17A2HGF,5.01,Downloaded
2016-08-20,MOD17A2HGF.A2016233.h17v05.061.2022002135414.hdf,MOD17A2HGF,4.98,Downloaded
2016-08-28,MOD17A2HGF.A2016241.h17v05.061.2022002145347.hdf,MOD17A2HGF,4.86,Downloaded
2016-09-05,MOD17A2HGF.A2016249.h17v05.061.2022002155631.hdf,MOD17A2HGF,4.88,Downloaded
2016-09-13,MOD17A2HGF.A2016257.h17v05.061.2022002170800.hdf,MOD17A2HGF,5.16,Downloaded
2016-09-21,MOD17A2HGF.A2016265.h17v05.061.2022002182129.hdf,MOD17A2HGF,5.18,Downloaded
2016-09-29,MOD17A2HGF.A2016273.h17v05.061.2022002193440.hdf,MOD17A2HGF,4.99,Downloaded
2016-10-07,MOD17A2HGF.A2016281.h17v05.061.2022002210643.hdf,MOD17A2HGF,5.07,Downloaded
2016-10-15,MOD17A2HGF.A2016289.h17v05.061.2022002222652.hdf,MOD17A2HGF,5.22,Downloaded
2016-10-23,MOD17A2HGF.A2016297.h17v05.061.2022002231813.hdf,MOD17A2HGF,5.11,Downloaded
2016-10-31,MOD17A2HGF.A2016305.h17v05.061.2022003001538.hdf,MOD17A2HGF,5.2,Downloaded
2016-11-08,MOD17A2HGF.A2016313.h17v05.061.2022003011954.hdf,MOD17A2HGF,5.24,Downloaded
2016-11-16,MOD17A2HGF.A2016321.h17v05.061.2022003022327.hdf,MOD17A2HGF,4.86,Downloaded
2016-11-24,MOD17A2HGF.A2016329.h17v05.061.2022003032625.hdf,MOD17A2HGF,5.05,Downloaded
2016-12-02,MOD17A2HGF.A2016337.h17v05.061.2022003042751.hdf,MOD17A2HGF,5.27,Downloaded
2016-12-10,MOD17A2HGF.A2016345.h17v05.061.2022003053949.hdf,MOD17A2HGF,5.12,Downloaded
2016-12-18,MOD17A2HGF.A2016353.h17v05.061.2022003070108.hdf,MOD17A2HGF,5.17,Downloaded
2016-12-26,MOD17A2HGF.A2016361.h17v05.061.2022003081301.hdf,MOD17A2HGF,5.03,Downloaded
2017-01-01,MOD17A2HGF.A2017001.h17v05.061.2021299123529.hdf,MOD17A2HGF,5.3,Downloaded
2017-01-09,MOD17A2HGF.A2017009.h17v05.061.2021299125317.hdf,MOD17A2HGF,5.34,Downloaded
2017-01-17,MOD17A2HGF.A2017017.h17v05.061.2021299131336.hdf,MOD17A2HGF,5.11,Downloaded
2017-01-25,MOD17A2HGF.A2017025.h17v05.061.2021299133330.hdf,MOD17A2HGF,5.46,Downloaded
2017-02-02,MOD17A2HGF.A2017033.h17v05.061.2021299135234.hdf,MOD17A2HGF,5.65,Downloaded
2017-02-10,MOD17A2HGF.A2017041.h17v05.061.2021299140935.hdf,MOD17A2HGF,5.72,Downloaded
2017-02-18,MOD17A2HGF.A2017049.h17v05.061.2021299142601.hdf,MOD17A2HGF,5.82,Downloaded
2017-02-26,MOD17A2HGF.A2017057.h17v05.061.2021299144537.hdf,MOD17A2HGF,5.87,Downloaded
2017-03-06,MOD17A2HGF.A2017065.h17v05.061.2021299150358.hdf,MOD17A2HGF,5.93,Downloaded
2017-03-14,MOD17A2HGF.A2017073.h17v05.061.2021299152131.hdf,MOD17A2HGF,6.09,Downloaded
2017-03-22,MOD17A2HGF.A2017081.h17v05.061.2021299154002.hdf,MOD17A2HGF,6.06,Downloaded
2017-03-30,MOD17A2HGF.A2017089.h17v05.061.2021299155757.hdf,MOD17A2HGF,6.02,Downloaded
2017-04-07,MOD17A2HGF.A2017097.h17v05.061.2021299161731.hdf,MOD17A2HGF,5.83,Downloaded
2017-04-15,MOD17A2HGF.A2017105.h17v05.061.2021299163504.hdf,MOD17A2HGF,5.91,Downloaded
2017-04-23,MOD17A2HGF.A2017113.h17v05.061.2021299165537.hdf,MOD17A2HGF,5.97,Downloaded
2017-05-01,MOD17A2HGF.A2017121.h17v05.061.2021299171204.hdf,MOD17A2HGF,5.98,Downloaded
2017-05-09,MOD17A2HGF.A2017129.h17v05.061.2021299173159.hdf,MOD17A2HGF,5.93,Downloaded
2017-05-17,MOD17A2HGF.A2017137.h17v05.061.2021299174906.hdf,MOD17A2HGF,5.67,Downloaded
2017-05-25,MOD17A2HGF.A2017145.h17v05.061.2021299180727.hdf,MOD17A2HGF,5.62,Downloaded
2017-06-02,MOD17A2HGF.A2017153.h17v05.061.2021299182504.hdf,MOD17A2HGF,5.46,Downloaded
2017-06-10,MOD17A2HGF.A2017161.h17v05.061.2021299184305.hdf,MOD17A2HGF,5.27,Downloaded
2017-06-18,MOD17A2HGF.A2017169.h17v05.061.2021299190136.hdf,MOD17A2HGF,5.17,Downloaded
2017-06-26,MOD17A2HGF.A2017177.h17v05.061.2021299191928.hdf,MOD17A2HGF,5.34,Downloaded
2017-07-04,MOD17A2HGF.A2017185.h17v05.061.2021299193827.hdf,MOD17A2HGF,5.3,Downloaded
2017-07-12,MOD17A2HGF.A2017193.h17v05.061.2021299195718.hdf,MOD17A2HGF,4.72,Downloaded
2017-07-20,MOD17A2HGF.A2017201.h17v05.061.2021299201558.hdf,MOD17A2HGF,5.08,Downloaded
2017-07-28,MOD17A2HGF.A2017209.h17v05.061.2021299203428.hdf,MOD17A2HGF,4.76,Downloaded
2017-08-05,MOD17A2HGF.A2017217.h17v05.061.2021299205200.hdf,MOD17A2HGF,4.89,Downloaded
2017-08-13,MOD17A2HGF.A2017225.h17v05.061.2021299211208.hdf,MOD17A2HGF,4.91,Downloaded
2017-08-21,MOD17A2HGF.A2017233.h17v05.061.2021299213032.hdf,MOD17A2HGF,4.91,Downloaded
2017-08-29,MOD17A2HGF.A2017241.h17v05.061.2021299214823.hdf,MOD17A2HGF,5.2,Downloaded
2017-09-06,MOD17A2HGF.A2017249.h17v05.061.2021299220700.hdf,MOD17A2HGF,5.03,Downloaded
2017-09-14,MOD17A2HGF.A2017257.h17v05.061.2021299222552.hdf,MOD17A2HGF,5.05,Downloaded
2017-09-22,MOD17A2HGF.A2017265.h17v05.061.2021299224528.hdf,MOD17A2HGF,5.08,Downloaded
2017-09-30,MOD17A2HGF.A2017273.h17v05.061.2021299230259.hdf,MOD17A2HGF,4.92,Downloaded
2017-10-08,MOD17A2HGF.A2017281.h17v05.061.2021299232035.hdf,MOD17A2HGF,4.71,Downloaded
2017-10-16,MOD17A2HGF.A2017289.h17v05.061.2021299234057.hdf,MOD17A2HGF,5.07,Downloaded
2017-10-24,MOD17A2HGF.A2017297.h17v05.061.2021299235741.hdf,MOD17A2HGF,4.94,Downloaded
2017-11-01,MOD17A2HGF.A2017305.h17v05.061.2021300001620.hdf,MOD17A2HGF,5.12,Downloaded
2017-11-09,MOD17A2HGF.A2017313.h17v05.061.2021300003527.hdf,MOD17A2HGF,5.07,Downloaded
2017-11-17,MOD17A2HGF.A2017321.h17v05.061.2021300005259.hdf,MOD17A2HGF,4.84,Downloaded
2017-11-25,MOD17A2HGF.A2017329.h17v05.061.2021300011256.hdf,MOD17A2HGF,4.73,Downloaded
2017-12-03,MOD17A2HGF.A2017337.h17v05.061.2021300013022.hdf,MOD17A2HGF,4.78,Downloaded
2017-12-11,MOD17A2HGF.A2017345.h17v05.061.2021300014756.hdf,MOD17A2HGF,4.73,Downloaded
2017-12-19,MOD17A2HGF.A2017353.h17v05.061.2021300020827.hdf,MOD17A2HGF,4.91,Downloaded
2017-12-27,MOD17A2HGF.A2017361.h17v05.061.2021300022158.hdf,MOD17A2HGF,4.48,Downloaded
2018-01-01,MOD17A2HGF.A2018001.h17v05.061.2021361225248.hdf,MOD17A2HGF,4.91,Downloaded
2018-01-09,MOD17A2HGF.A2018009.h17v05.061.2021362003424.hdf,MOD17A2HGF,5.04,Downloaded
2018-01-17,MOD17A2HGF.A2018017.h17v05.061.2021362014118.hdf,MOD17A2HGF,5.46,Downloaded
2018-01-25,MOD17A2HGF.A2018025.h17v05.061.2021362023343.hdf,MOD17A2HGF,5.4,Downloaded
2018-02-02,MOD17A2HGF.A2018033.h17v05.061.2021362033759.hdf,MOD17A2HGF,5.21,Downloaded
2018-02-10,MOD17A2HGF.A2018041.h17v05.061.2021362050423.hdf,MOD17A2HGF,5.73,Downloaded
2018-02-18,MOD17A2HGF.A2018049.h17v05.061.2021362062047.hdf,MOD17A2HGF,5.88,Downloaded
2018-02-26,MOD17A2HGF.A2018057.h17v05.061.2021362073911.hdf,MOD17A2HGF,5.8,Downloaded
2018-03-06,MOD17A2HGF.A2018065.h17v05.061.2021362083208.hdf,MOD17A2HGF,5.95,Downloaded
2018-03-14,MOD17A2HGF.A2018073.h17v05.061.2021362093048.hdf,MOD17A2HGF,6.02,Downloaded
2018-03-22,MOD17A2HGF.A2018081.h17v05.061.2021362102653.hdf,MOD17A2HGF,6.11,Downloaded
2018-03-30,MOD17A2HGF.A2018089.h17v05.061.2021362113221.hdf,MOD17A2HGF,6.26,Downloaded
2018-04-07,MOD17A2HGF.A2018097.h17v05.061.2021362123027.hdf,MOD17A2HGF,6.37,Downloaded
2018-04-15,MOD17A2HGF.A2018105.h17v05.061.2021362133232.hdf,MOD17A2HGF,6.12,Downloaded
2018-04-23,MOD17A2HGF.A2018113.h17v05.061.2021362153803.hdf,MOD17A2HGF,6.32,Downloaded
2018-05-01,MOD17A2HGF.A2018121.h17v05.061.2021362164458.hdf,MOD17A2HGF,6.29,Downloaded
2018-05-09,MOD17A2HGF.A2018129.h17v05.061.2021362175137.hdf,MOD17A2HGF,6.17,Downloaded
2018-05-17,MOD17A2HGF.A2018137.h17v05.061.2021362183910.hdf,MOD17A2HGF,6.18,Downloaded
2018-05-25,MOD17A2HGF.A2018145.h17v05.061.2021362193044.hdf,MOD17A2HGF,6.34,Downloaded
2018-06-02,MOD17A2HGF.A2018153.h17v05.061.2021362202929.hdf,MOD17A2HGF,6.14,Downloaded
2018-06-10,MOD17A2HGF.A2018161.h17v05.061.2021362212415.hdf,MOD17A2HGF,5.86,Downloaded
2018-06-18,MOD17A2HGF.A2018169.h17v05.061.2021362224302.hdf,MOD17A2HGF,5.55,Downloaded
2018-06-26,MOD17A2HGF.A2018177.h17v05.061.2021362235720.hdf,MOD17A2HGF,5.67,Downloaded
2018-07-04,MOD17A2HGF.A2018185.h17v05.061.2021363005214.hdf,MOD17A2HGF,5.28,Downloaded
2018-07-12,MOD17A2HGF.A2018193.h17v05.061.2021363013204.hdf,MOD17A2HGF,5.34,Downloaded
2018-07-20,MOD17A2HGF.A2018201.h17v05.061.2021363021632.hdf,MOD17A2HGF,5.13,Downloaded
2018-07-28,MOD17A2HGF.A2018209.h17v05.061.2021363025854.hdf,MOD17A2HGF,5.01,Downloaded
2018-08-05,MOD17A2HGF.A2018217.h17v05.061.2021363034418.hdf,MOD17A2HGF,5.15,Downloaded
2018-08-13,MOD17A2HGF.A2018225.h17v05.061.2021363042651.hdf,MOD17A2HGF,5.24,Downloaded
2018-08-21,MOD17A2HGF.A2018233.h17v05.061.2021363051511.hdf,MOD17A2HGF,5.08,Downloaded
2018-08-29,MOD17A2HGF.A2018241.h17v05.061.2021363061001.hdf,MOD17A2HGF,5.11,Downloaded
2018-09-06,MOD17A2HGF.A2018249.h17v05.061.2021363070828.hdf,MOD17A2HGF,5.36,Downloaded
2018-09-14,MOD17A2HGF.A2018257.h17v05.061.2021363081126.hdf,MOD17A2HGF,5.39,Downloaded
2018-09-22,MOD17A2HGF.A2018265.h17v05.061.2021363090501.hdf,MOD17A2HGF,5.18,Downloaded
2018-09-30,MOD17A2HGF.A2018273.h17v05.061.2021363100516.hdf,MOD17A2HGF,5.15,Downloaded
2018-10-08,MOD17A2HGF.A2018281.h17v05.061.2021363110146.hdf,MOD17A2HGF,5.38,Downloaded
2018-10-16,MOD17A2HGF.A2018289.h17v05.061.2021363114800.hdf,MOD17A2HGF,5.43,Downloaded
2018-10-24,MOD17A2HGF.A2018297.h17v05.061.2021363124117.hdf,MOD17A2HGF,5.18,Downloaded
2018-11-01,MOD17A2HGF.A2018305.h17v05.061.2021363135708.hdf,MOD17A2HGF,5.48,Downloaded
2018-11-09,MOD17A2HGF.A2018313.h17v05.061.2021363151956.hdf,MOD17A2HGF,5.32,Downloaded
2018-11-17,MOD17A2HGF.A2018321.h17v05.061.2021363164509.hdf,MOD17A2HGF,5.35,Downloaded
2018-11-25,MOD17A2HGF.A2018329.h17v05.061.2021363184318.hdf,MOD17A2HGF,5.4,Downloaded
2018-12-03,MOD17A2HGF.A2018337.h17v05.061.2021363204003.hdf,MOD17A2HGF,5.38,Downloaded
2018-12-11,MOD17A2HGF.A2018345.h17v05.061.2021363222939.hdf,MOD17A2HGF,5.34,Downloaded
2018-12-19,MOD17A2HGF.A2018353.h17v05.061.2021364000944.hdf,MOD17A2HGF,5.38,Downloaded
2018-12-27,MOD17A2HGF.A2018361.h17v05.061.2021364003700.hdf,MOD17A2HGF,4.88,Downloaded
2019-01-01,MOD17A2HGF.A2019001.h17v05.061.2020360000019.hdf,MOD17A2HGF,5.35,Downloaded
2019-01-09,MOD17A2HGF.A2019009.h17v05.061.2020360093645.hdf,MOD17A2HGF,5.3,Downloaded
2019-01-17,MOD17A2HGF.A2019017.h17v05.061.2020360150348.hdf,MOD17A2HGF,5.37,Downloaded
2019-01-25,MOD17A2HGF.A2019025.h17v05.061.2020360183133.hdf,MOD17A2HGF,5.43,Downloaded
2019-02-02,MOD17A2HGF.A2019033.h17v05.061.2020360221310.hdf,MOD17A2HGF,5.74,Downloaded
2019-02-10,MOD17A2HGF.A2019041.h17v05.061.2020361013348.hdf,MOD17A2HGF,5.62,Downloaded
2019-02-18,MOD17A2HGF.A2019049.h17v05.061.2020361060230.hdf,MOD17A2HGF,5.73,Downloaded
2019-02-26,MOD17A2HGF.A2019057.h17v05.061.2020361103537.hdf,MOD17A2HGF,5.79,Downloaded
2019-03-06,MOD17A2HGF.A2019065.h17v05.061.2020361145031.hdf,MOD17A2HGF,5.93,Downloaded
2019-03-14,MOD17A2HGF.A2019073.h17v05.061.2020361181211.hdf,MOD17A2HGF,5.78,Downloaded
2019-03-22,MOD17A2HGF.A2019081.h17v05.061.2020361211607.hdf,MOD17A2HGF,5.88,Downloaded
2019-03-30,MOD17A2HGF.A2019089.h17v05.061.2020362010546.hdf,MOD17A2HGF,6.0,Downloaded
2019-04-07,MOD17A2HGF.A2019097.h17v05.061.2020362042648.hdf,MOD17A2HGF,6.06,Downloaded
2019-04-15,MOD17A2HGF.A2019105.h17v05.061.2020362071819.hdf,MOD17A2HGF,5.9,Downloaded
2019-04-23,MOD17A2HGF.A2019113.h17v05.061.2020362151402.hdf,MOD17A2HGF,5.89,Downloaded
2019-05-01,MOD17A2HGF.A2019121.h17v05.061.2020362202602.hdf,MOD17A2HGF,5.82,Downloaded
2019-05-09,MOD17A2HGF.A2019129.h17v05.061.2020363010014.hdf,MOD17A2HGF,5.63,Downloaded
2019-05-17,MOD17A2HGF.A2019137.h17v05.061.2020363044731.hdf,MOD17A2HGF,5.74,Downloaded
2019-05-25,MOD17A2HGF.A2019145.h17v05.061.2020363073859.hdf,MOD17A2HGF,5.54,Downloaded
2019-06-02,MOD17A2HGF.A2019153.h17v05.061.2020363131905.hdf,MOD17A2HGF,5.51,Downloaded
2019-06-10,MOD17A2HGF.A2019161.h17v05.061.2020363180348.hdf,MOD17A2HGF,5.58,Downloaded
2019-06-18,MOD17A2HGF.A2019169.h17v05.061.2020363222450.hdf,MOD17A2HGF,5.46,Downloaded
2019-06-26,MOD17A2HGF.A2019177.h17v05.061.2020364040402.hdf,MOD17A2HGF,5.34,Downloaded
2019-07-04,MOD17A2HGF.A2019185.h17v05.061.2020364084231.hdf,MOD17A2HGF,5.25,Downloaded
2019-07-12,MOD17A2HGF.A2019193.h17v05.061.2020364114159.hdf,MOD17A2HGF,5.17,Downloaded
2019-07-20,MOD17A2HGF.A2019201.h17v05.061.2020364144429.hdf,MOD17A2HGF,5.08,Downloaded
2019-07-28,MOD17A2HGF.A2019209.h17v05.061.2020364174109.hdf,MOD17A2HGF,5.19,Downloaded
2019-08-05,MOD17A2HGF.A2019217.h17v05.061.2020364205004.hdf,MOD17A2HGF,4.82,Downloaded
2019-08-13,MOD17A2HGF.A2019225.h17v05.061.2020365010636.hdf,MOD17A2HGF,4.98,Downloaded
2019-08-21,MOD17A2HGF.A2019233.h17v05.061.2020365073347.hdf,MOD17A2HGF,5.01,Downloaded
2019-08-29,MOD17A2HGF.A2019241.h17v05.061.2020365133408.hdf,MOD17A2HGF,5.15,Downloaded
2019-09-06,MOD17A2HGF.A2019249.h17v05.061.2020365191241.hdf,MOD17A2HGF,5.24,Downloaded
2019-09-14,MOD17A2HGF.A2019257.h17v05.061.2020365214040.hdf,MOD17A2HGF,5.14,Downloaded
2019-09-22,MOD17A2HGF.A2019265.h17v05.061.2020365235414.hdf,MOD17A2HGF,5.08,Downloaded
2019-09-30,MOD17A2HGF.A2019273.h17v05.061.2020366031355.hdf,MOD17A2HGF,4.95,Downloaded
2019-10-08,MOD17A2HGF.A2019281.h17v05.061.2020366050311.hdf,MOD17A2HGF,5.06,Downloaded
2019-10-16,MOD17A2HGF.A2019289.h17v05.061.2020366080104.hdf,MOD17A2HGF,5.24,Downloaded
2019-10-24,MOD17A2HGF.A2019297.h17v05.061.2020366104607.hdf,MOD17A2HGF,5.16,Downloaded
2019-11-01,MOD17A2HGF.A2019305.h17v05.061.2020366174914.hdf,MOD17A2HGF,5.47,Downloaded
2019-11-09,MOD17A2HGF.A2019313.h17v05.061.2020366192208.hdf,MOD17A2HGF,5.17,Downloaded
2019-11-17,MOD17A2HGF.A2019321.h17v05.061.2020366205745.hdf,MOD17A2HGF,4.94,Downloaded
2019-11-25,MOD17A2HGF.A2019329.h17v05.061.2020366231150.hdf,MOD17A2HGF,5.05,Downloaded
2019-12-03,MOD17A2HGF.A2019337.h17v05.061.2021001003610.hdf,MOD17A2HGF,5.1,Downloaded
2019-12-11,MOD17A2HGF.A2019345.h17v05.061.2021001015812.hdf,MOD17A2HGF,4.88,Downloaded
2019-12-19,MOD17A2HGF.A2019353.h17v05.061.2021001033753.hdf,MOD17A2HGF,5.15,Downloaded
2019-12-27,MOD17A2HGF.A2019361.h17v05.061.2021001043338.hdf,MOD17A2HGF,4.78,Downloaded
2020-01-01,MOD17A2HGF.A2020001.h17v05.061.2021012102437.hdf,MOD17A2HGF,5.22,Downloaded
2020-01-09,MOD17A2HGF.A2020009.h17v05.061.2021012115926.hdf,MOD17A2HGF,5.22,Downloaded
2020-01-17,MOD17A2HGF.A2020017.h17v05.061.2021012131838.hdf,MOD17A2HGF,5.09,Downloaded
2020-01-25,MOD17A2HGF.A2020025.h17v05.061.2021012143802.hdf,MOD17A2HGF,5.45,Downloaded
2020-02-02,MOD17A2HGF.A2020033.h17v05.061.2021012154605.hdf,MOD17A2HGF,5.67,Downloaded
2020-02-10,MOD17A2HGF.A2020041.h17v05.061.2021012170053.hdf,MOD17A2HGF,5.74,Downloaded
2020-02-18,MOD17A2HGF.A2020049.h17v05.061.2021012181208.hdf,MOD17A2HGF,5.77,Downloaded
2020-02-26,MOD17A2HGF.A2020057.h17v05.061.2021012192316.hdf,MOD17A2HGF,5.83,Downloaded
2020-03-05,MOD17A2HGF.A2020065.h17v05.061.2021012203020.hdf,MOD17A2HGF,5.83,Downloaded
2020-03-13,MOD17A2HGF.A2020073.h17v05.061.2021012214839.hdf,MOD17A2HGF,5.93,Downloaded
2020-03-21,MOD17A2HGF.A2020081.h17v05.061.2021012225032.hdf,MOD17A2HGF,6.09,Downloaded
2020-03-29,MOD17A2HGF.A2020089.h17v05.061.2021012235546.hdf,MOD17A2HGF,6.04,Downloaded
2020-04-06,MOD17A2HGF.A2020097.h17v05.061.2021013010000.hdf,MOD17A2HGF,6.18,Downloaded
2020-04-14,MOD17A2HGF.A2020105.h17v05.061.2021013015917.hdf,MOD17A2HGF,6.3,Downloaded
2020-04-22,MOD17A2HGF.A2020113.h17v05.061.2021013030050.hdf,MOD17A2HGF,6.09,Downloaded
2020-04-30,MOD17A2HGF.A2020121.h17v05.061.2021013040449.hdf,MOD17A2HGF,5.96,Downloaded
2020-05-08,MOD17A2HGF.A2020129.h17v05.061.2021013051926.hdf,MOD17A2HGF,6.1,Downloaded
2020-05-16,MOD17A2HGF.A2020137.h17v05.061.2021013063540.hdf,MOD17A2HGF,5.89,Downloaded
2020-05-24,MOD17A2HGF.A2020145.h17v05.061.2021013084900.hdf,MOD17A2HGF,5.52,Downloaded
2020-06-01,MOD17A2HGF.A2020153.h17v05.061.2021013100124.hdf,MOD17A2HGF,5.89,Downloaded
2020-06-09,MOD17A2HGF.A2020161.h17v05.061.2021013111357.hdf,MOD17A2HGF,5.72,Downloaded
2020-06-17,MOD17A2HGF.A2020169.h17v05.061.2021013122158.hdf,MOD17A2HGF,5.53,Downloaded
2020-06-25,MOD17A2HGF.A2020177.h17v05.061.2021013133049.hdf,MOD17A2HGF,5.23,Downloaded
2020-07-03,MOD17A2HGF.A2020185.h17v05.061.2021013151439.hdf,MOD17A2HGF,5.08,Downloaded
2020-07-11,MOD17A2HGF.A2020193.h17v05.061.2021013173449.hdf,MOD17A2HGF,5.0,Downloaded
2020-07-19,MOD17A2HGF.A2020201.h17v05.061.2021013202557.hdf,MOD17A2HGF,5.09,Downloaded
2020-07-27,MOD17A2HGF.A2020209.h17v05.061.2021013213242.hdf,MOD17A2HGF,5.0,Downloaded
2020-08-04,MOD17A2HGF.A2020217.h17v05.061.2021013230707.hdf,MOD17A2HGF,5.17,Downloaded
2020-08-12,MOD17A2HGF.A2020225.h17v05.061.2021014005156.hdf,MOD17A2HGF,5.14,Downloaded
2020-08-20,MOD17A2HGF.A2020233.h17v05.061.2021014022936.hdf,MOD17A2HGF,4.83,Downloaded
2020-08-28,MOD17A2HGF.A2020241.h17v05.061.2021014041004.hdf,MOD17A2HGF,5.05,Downloaded
2020-09-05,MOD17A2HGF.A2020249.h17v05.061.2021014054821.hdf,MOD17A2HGF,5.02,Downloaded
2020-09-13,MOD17A2HGF.A2020257.h17v05.061.2021014080149.hdf,MOD17A2HGF,5.17,Downloaded
2020-09-21,MOD17A2HGF.A2020265.h17v05.061.2021014093820.hdf,MOD17A2HGF,5.18,Downloaded
2020-09-29,MOD17A2HGF.A2020273.h17v05.061.2021014111434.hdf,MOD17A2HGF,5.1,Downloaded
2020-10-07,MOD17A2HGF.A2020281.h17v05.061.2021014125252.hdf,MOD17A2HGF,5.03,Downloaded
2020-10-15,MOD17A2HGF.A2020289.h17v05.061.2021014143055.hdf,MOD17A2HGF,5.06,Downloaded
2020-10-23,MOD17A2HGF.A2020297.h17v05.061.2021014160624.hdf,MOD17A2HGF,5.24,Downloaded
2020-10-31,MOD17A2HGF.A2020305.h17v05.061.2021014174444.hdf,MOD17A2HGF,5.08,Downloaded
2020-11-08,MOD17A2HGF.A2020313.h17v05.061.2021014191709.hdf,MOD17A2HGF,5.28,Downloaded
2020-11-16,MOD17A2HGF.A2020321.h17v05.061.2021014204753.hdf,MOD17A2HGF,5.07,Downloaded
2020-11-24,MOD17A2HGF.A2020329.h17v05.061.2021014221424.hdf,MOD17A2HGF,4.91,Downloaded
2020-12-02,MOD17A2HGF.A2020337.h17v05.061.2021014233151.hdf,MOD17A2HGF,4.91,Downloaded
2020-12-10,MOD17A2HGF.A2020345.h17v05.061.2021015005930.hdf,MOD17A2HGF,5.1,Downloaded
2020-12-18,MOD17A2HGF.A2020353.h17v05.061.2021015021750.hdf,MOD17A2HGF,5.07,Downloaded
2020-12-26,MOD17A2HGF.A2020361.h17v05.061.2021015032608.hdf,MOD17A2HGF,4.61,Downloaded
