date,file_name,product,version,file_size_mb,status
2014-12-27,MCD15A2H.A2014361.h17v05.061.2021316111601.hdf,MCD15A2H,061,5.48,Downloaded
2015-01-01,MCD15A2H.A2015001.h17v05.061.2021316160002.hdf,MCD15A2H,061,5.42,Downloaded
2015-01-09,MCD15A2H.A2015009.h17v05.061.2021317060523.hdf,MCD15A2H,061,5.51,Downloaded
2015-01-17,MCD15A2H.A2015017.h17v05.061.2021317154652.hdf,MCD15A2H,061,5.8,Downloaded
2015-01-25,MCD15A2H.A2015025.h17v05.061.2021318052405.hdf,MCD15A2H,061,5.76,Downloaded
2015-02-02,MCD15A2H.A2015033.h17v05.061.2021318154942.hdf,MCD15A2H,061,5.89,Downloaded
2015-02-10,MCD15A2H.A2015041.h17v05.061.2021319052607.hdf,MCD15A2H,061,6.07,Downloaded
2015-02-18,MCD15A2H.A2015049.h17v05.061.2021320065220.hdf,MCD15A2H,061,5.97,Downloaded
2015-02-26,MCD15A2H.A2015057.h17v05.061.2021320073723.hdf,MCD15A2H,061,5.88,Downloaded
2015-03-06,MCD15A2H.A2015065.h17v05.061.2021320180115.hdf,MCD15A2H,061,5.5,Downloaded
2015-03-14,MCD15A2H.A2015073.h17v05.061.2021321063336.hdf,MCD15A2H,061,5.98,Downloaded
2015-03-22,MCD15A2H.A2015081.h17v05.061.2021321165035.hdf,MCD15A2H,061,6.01,Downloaded
2015-03-30,MCD15A2H.A2015089.h17v05.061.2021321231008.hdf,MCD15A2H,061,5.81,Downloaded
2015-04-07,MCD15A2H.A2015097.h17v05.061.2021323031410.hdf,MCD15A2H,061,5.98,Downloaded
2015-04-15,MCD15A2H.A2015105.h17v05.061.2021323032514.hdf,MCD15A2H,061,5.97,Downloaded
2015-04-23,MCD15A2H.A2015113.h17v05.061.2021323140520.hdf,MCD15A2H,061,5.66,Downloaded
2015-05-01,MCD15A2H.A2015121.h17v05.061.2021323221307.hdf,MCD15A2H,061,5.45,Downloaded
2015-05-09,MCD15A2H.A2015129.h17v05.061.2021326032142.hdf,MCD15A2H,061,5.05,Downloaded
2015-05-17,MCD15A2H.A2015137.h17v05.061.2021326033341.hdf,MCD15A2H,061,5.52,Downloaded
2015-05-25,MCD15A2H.A2015145.h17v05.061.2021326035441.hdf,MCD15A2H,061,5.53,Downloaded
2015-06-02,MCD15A2H.A2015153.h17v05.061.2021326041604.hdf,MCD15A2H,061,5.26,Downloaded
2015-06-10,MCD15A2H.A2015161.h17v05.061.2021326043507.hdf,MCD15A2H,061,5.8,Downloaded
2015-06-18,MCD15A2H.A2015169.h17v05.061.2021326143908.hdf,MCD15A2H,061,5.17,Downloaded
2015-06-26,MCD15A2H.A2015177.h17v05.061.2021326235052.hdf,MCD15A2H,061,4.9,Downloaded
2015-07-04,MCD15A2H.A2015185.h17v05.061.2021328002435.hdf,MCD15A2H,061,5.01,Downloaded
2015-07-12,MCD15A2H.A2015193.h17v05.061.2021328070919.hdf,MCD15A2H,061,5.04,Downloaded
2015-07-20,MCD15A2H.A2015201.h17v05.061.2021329005101.hdf,MCD15A2H,061,4.95,Downloaded
2015-07-28,MCD15A2H.A2015209.h17v05.061.2021329112254.hdf,MCD15A2H,061,5.18,Downloaded
2015-08-05,MCD15A2H.A2015217.h17v05.061.2021329222808.hdf,MCD15A2H,061,5.11,Downloaded
2015-08-13,MCD15A2H.A2015225.h17v05.061.2021331160432.hdf,MCD15A2H,061,5.26,Downloaded
2015-08-21,MCD15A2H.A2015233.h17v05.061.2021331165449.hdf,MCD15A2H,061,5.16,Downloaded
2015-08-29,MCD15A2H.A2015241.h17v05.061.2021331172129.hdf,MCD15A2H,061,5.29,Downloaded
2015-09-06,MCD15A2H.A2015249.h17v05.061.2021331225022.hdf,MCD15A2H,061,5.34,Downloaded
2015-09-14,MCD15A2H.A2015257.h17v05.061.2021332100442.hdf,MCD15A2H,061,5.17,Downloaded
2015-09-22,MCD15A2H.A2015265.h17v05.061.2021332171003.hdf,MCD15A2H,061,5.33,Downloaded
2015-09-30,MCD15A2H.A2015273.h17v05.061.2021333042125.hdf,MCD15A2H,061,5.34,Downloaded
2015-10-08,MCD15A2H.A2015281.h17v05.061.2021333145702.hdf,MCD15A2H,061,5.67,Downloaded
2015-10-16,MCD15A2H.A2015289.h17v05.061.2021335150227.hdf,MCD15A2H,061,5.51,Downloaded
2015-10-24,MCD15A2H.A2015297.h17v05.061.2021335153520.hdf,MCD15A2H,061,5.72,Downloaded
2015-11-01,MCD15A2H.A2015305.h17v05.061.2021335160630.hdf,MCD15A2H,061,5.25,Downloaded
2015-11-09,MCD15A2H.A2015313.h17v05.061.2021336043412.hdf,MCD15A2H,061,5.22,Downloaded
2015-11-17,MCD15A2H.A2015321.h17v05.061.2021336232531.hdf,MCD15A2H,061,5.37,Downloaded
2015-11-25,MCD15A2H.A2015329.h17v05.061.2021337084910.hdf,MCD15A2H,061,5.23,Downloaded
2015-12-03,MCD15A2H.A2015337.h17v05.061.2021342130048.hdf,MCD15A2H,061,5.28,Downloaded
2015-12-11,MCD15A2H.A2015345.h17v05.061.2021342133112.hdf,MCD15A2H,061,5.46,Downloaded
2015-12-19,MCD15A2H.A2015353.h17v05.061.2021342140421.hdf,MCD15A2H,061,5.37,Downloaded
2015-12-27,MCD15A2H.A2015361.h17v05.061.2021342143446.hdf,MCD15A2H,061,5.36,Downloaded
2016-01-01,MCD15A2H.A2016001.h17v05.061.2021342150255.hdf,MCD15A2H,061,5.48,Downloaded
2016-01-09,MCD15A2H.A2016009.h17v05.061.2021342153128.hdf,MCD15A2H,061,5.64,Downloaded
2016-01-17,MCD15A2H.A2016017.h17v05.061.2021342201644.hdf,MCD15A2H,061,5.53,Downloaded
2016-01-25,MCD15A2H.A2016025.h17v05.061.2021343173556.hdf,MCD15A2H,061,5.71,Downloaded
2016-02-02,MCD15A2H.A2016033.h17v05.061.2021346032329.hdf,MCD15A2H,061,5.67,Downloaded
2016-02-10,MCD15A2H.A2016041.h17v05.061.2021346040728.hdf,MCD15A2H,061,5.85,Downloaded
2016-02-18,MCD15A2H.A2016049.h17v05.061.2021346042602.hdf,MCD15A2H,061,5.35,Downloaded
2016-02-26,MCD15A2H.A2016057.h17v05.061.2021346045803.hdf,MCD15A2H,061,5.73,Downloaded
2016-03-05,MCD15A2H.A2016065.h17v05.061.2021346053620.hdf,MCD15A2H,061,5.99,Downloaded
2016-03-13,MCD15A2H.A2016073.h17v05.061.2021346062338.hdf,MCD15A2H,061,5.87,Downloaded
2016-03-21,MCD15A2H.A2016081.h17v05.061.2021346212045.hdf,MCD15A2H,061,5.97,Downloaded
2016-03-29,MCD15A2H.A2016089.h17v05.061.2021347074621.hdf,MCD15A2H,061,5.8,Downloaded
2016-04-06,MCD15A2H.A2016097.h17v05.061.2021348024042.hdf,MCD15A2H,061,5.94,Downloaded
2016-04-14,MCD15A2H.A2016105.h17v05.061.2021348111912.hdf,MCD15A2H,061,6.07,Downloaded
2016-04-22,MCD15A2H.A2016113.h17v05.061.2021348224430.hdf,MCD15A2H,061,5.66,Downloaded
2016-04-30,MCD15A2H.A2016121.h17v05.061.2021349074215.hdf,MCD15A2H,061,5.63,Downloaded
2016-05-08,MCD15A2H.A2016129.h17v05.061.2021350022232.hdf,MCD15A2H,061,6.2,Downloaded
2016-05-16,MCD15A2H.A2016137.h17v05.061.2021350130702.hdf,MCD15A2H,061,5.45,Downloaded
2016-05-24,MCD15A2H.A2016145.h17v05.061.2021350210535.hdf,MCD15A2H,061,5.64,Downloaded
2016-06-01,MCD15A2H.A2016153.h17v05.061.2021351125744.hdf,MCD15A2H,061,5.12,Downloaded
2016-06-09,MCD15A2H.A2016161.h17v05.061.2021351195347.hdf,MCD15A2H,061,5.31,Downloaded
2016-06-17,MCD15A2H.A2016169.h17v05.061.2021353041606.hdf,MCD15A2H,061,5.0,Downloaded
2016-06-25,MCD15A2H.A2016177.h17v05.061.2021353044932.hdf,MCD15A2H,061,5.09,Downloaded
2016-07-03,MCD15A2H.A2016185.h17v05.061.2021353093759.hdf,MCD15A2H,061,4.98,Downloaded
2016-07-11,MCD15A2H.A2016193.h17v05.061.2021354141044.hdf,MCD15A2H,061,4.89,Downloaded
2016-07-19,MCD15A2H.A2016201.h17v05.061.2021354145045.hdf,MCD15A2H,061,4.89,Downloaded
2016-07-27,MCD15A2H.A2016209.h17v05.061.2021354151424.hdf,MCD15A2H,061,4.98,Downloaded
2016-08-04,MCD15A2H.A2016217.h17v05.061.2021356212500.hdf,MCD15A2H,061,4.87,Downloaded
2016-08-12,MCD15A2H.A2016225.h17v05.061.2021356221825.hdf,MCD15A2H,061,4.98,Downloaded
2016-08-20,MCD15A2H.A2016233.h17v05.061.2021356223904.hdf,MCD15A2H,061,4.9,Downloaded
2016-08-28,MCD15A2H.A2016241.h17v05.061.2021356231608.hdf,MCD15A2H,061,4.99,Downloaded
2016-09-05,MCD15A2H.A2016249.h17v05.061.2021356234951.hdf,MCD15A2H,061,4.89,Downloaded
2016-09-13,MCD15A2H.A2016257.h17v05.061.2021357103425.hdf,MCD15A2H,061,5.19,Downloaded
2016-09-21,MCD15A2H.A2016265.h17v05.061.2021358040448.hdf,MCD15A2H,061,5.08,Downloaded
2016-09-29,MCD15A2H.A2016273.h17v05.061.2021358045934.hdf,MCD15A2H,061,5.06,Downloaded
2016-10-07,MCD15A2H.A2016281.h17v05.061.2021358170237.hdf,MCD15A2H,061,5.2,Downloaded
2016-10-15,MCD15A2H.A2016289.h17v05.061.2021360025647.hdf,MCD15A2H,061,5.44,Downloaded
2016-10-23,MCD15A2H.A2016297.h17v05.061.2021360030721.hdf,MCD15A2H,061,5.1,Downloaded
2016-10-31,MCD15A2H.A2016305.h17v05.061.2021360032857.hdf,MCD15A2H,061,5.6,Downloaded
2016-11-08,MCD15A2H.A2016313.h17v05.061.2021360034325.hdf,MCD15A2H,061,5.28,Downloaded
2016-11-16,MCD15A2H.A2016321.h17v05.061.2021360231111.hdf,MCD15A2H,061,5.23,Downloaded
2016-11-24,MCD15A2H.A2016329.h17v05.061.2021361172439.hdf,MCD15A2H,061,5.58,Downloaded
2016-12-02,MCD15A2H.A2016337.h17v05.061.2021362154334.hdf,MCD15A2H,061,5.67,Downloaded
2016-12-10,MCD15A2H.A2016345.h17v05.061.2021362163553.hdf,MCD15A2H,061,5.55,Downloaded
2016-12-18,MCD15A2H.A2016353.h17v05.061.2021363161727.hdf,MCD15A2H,061,5.51,Downloaded
2016-12-26,MCD15A2H.A2016361.h17v05.061.2021363210120.hdf,MCD15A2H,061,5.53,Downloaded
2017-01-01,MCD15A2H.A2017001.h17v05.061.2021252191110.hdf,MCD15A2H,061,5.52,Downloaded
2017-01-09,MCD15A2H.A2017009.h17v05.061.2021257220446.hdf,MCD15A2H,061,5.54,Downloaded
2017-01-17,MCD15A2H.A2017017.h17v05.061.2021259013443.hdf,MCD15A2H,061,5.69,Downloaded
2017-01-25,MCD15A2H.A2017025.h17v05.061.2021264210500.hdf,MCD15A2H,061,5.7,Downloaded
2017-02-02,MCD15A2H.A2017033.h17v05.061.2021265223737.hdf,MCD15A2H,061,5.79,Downloaded
2017-02-10,MCD15A2H.A2017041.h17v05.061.2021266094958.hdf,MCD15A2H,061,5.96,Downloaded
2017-02-18,MCD15A2H.A2017049.h17v05.061.2021267143642.hdf,MCD15A2H,061,6.06,Downloaded
2017-02-26,MCD15A2H.A2017057.h17v05.061.2021267144057.hdf,MCD15A2H,061,6.03,Downloaded
2017-03-06,MCD15A2H.A2017065.h17v05.061.2021268213008.hdf,MCD15A2H,061,5.74,Downloaded
2017-03-14,MCD15A2H.A2017073.h17v05.061.2021269001900.hdf,MCD15A2H,061,6.01,Downloaded
2017-03-22,MCD15A2H.A2017081.h17v05.061.2021270054552.hdf,MCD15A2H,061,6.22,Downloaded
2017-03-30,MCD15A2H.A2017089.h17v05.061.2021270060520.hdf,MCD15A2H,061,5.76,Downloaded
2017-04-07,MCD15A2H.A2017097.h17v05.061.2021271115643.hdf,MCD15A2H,061,5.55,Downloaded
2017-04-15,MCD15A2H.A2017105.h17v05.061.2021271120111.hdf,MCD15A2H,061,5.56,Downloaded
2017-04-23,MCD15A2H.A2017113.h17v05.061.2021272091847.hdf,MCD15A2H,061,5.9,Downloaded
2017-05-01,MCD15A2H.A2017121.h17v05.061.2021272092443.hdf,MCD15A2H,061,5.41,Downloaded
2017-05-09,MCD15A2H.A2017129.h17v05.061.2021274002722.hdf,MCD15A2H,061,5.79,Downloaded
2017-05-17,MCD15A2H.A2017137.h17v05.061.2021274003136.hdf,MCD15A2H,061,5.33,Downloaded
2017-05-25,MCD15A2H.A2017145.h17v05.061.2021274003741.hdf,MCD15A2H,061,5.53,Downloaded
2017-06-02,MCD15A2H.A2017153.h17v05.061.2021274233513.hdf,MCD15A2H,061,5.13,Downloaded
2017-06-10,MCD15A2H.A2017161.h17v05.061.2021283132941.hdf,MCD15A2H,061,5.12,Downloaded
2017-06-18,MCD15A2H.A2017169.h17v05.061.2021276201344.hdf,MCD15A2H,061,5.0,Downloaded
2017-06-26,MCD15A2H.A2017177.h17v05.061.2021276212609.hdf,MCD15A2H,061,5.11,Downloaded
2017-07-04,MCD15A2H.A2017185.h17v05.061.2021283133547.hdf,MCD15A2H,061,5.06,Downloaded
2017-07-12,MCD15A2H.A2017193.h17v05.061.2021283133843.hdf,MCD15A2H,061,4.89,Downloaded
2017-07-20,MCD15A2H.A2017201.h17v05.061.2021283134134.hdf,MCD15A2H,061,4.88,Downloaded
2017-07-28,MCD15A2H.A2017209.h17v05.061.2021283134511.hdf,MCD15A2H,061,4.83,Downloaded
2017-08-05,MCD15A2H.A2017217.h17v05.061.2021283134910.hdf,MCD15A2H,061,4.89,Downloaded
2017-08-13,MCD15A2H.A2017225.h17v05.061.2021283135230.hdf,MCD15A2H,061,4.73,Downloaded
2017-08-21,MCD15A2H.A2017233.h17v05.061.2021283135649.hdf,MCD15A2H,061,5.01,Downloaded
2017-08-29,MCD15A2H.A2017241.h17v05.061.2021283135833.hdf,MCD15A2H,061,5.28,Downloaded
2017-09-06,MCD15A2H.A2017249.h17v05.061.2021284224825.hdf,MCD15A2H,061,4.9,Downloaded
2017-09-14,MCD15A2H.A2017257.h17v05.061.2021286021909.hdf,MCD15A2H,061,4.92,Downloaded
2017-09-22,MCD15A2H.A2017265.h17v05.061.2021289044025.hdf,MCD15A2H,061,5.07,Downloaded
2017-09-30,MCD15A2H.A2017273.h17v05.061.2021289044426.hdf,MCD15A2H,061,4.97,Downloaded
2017-10-08,MCD15A2H.A2017281.h17v05.061.2021289045417.hdf,MCD15A2H,061,4.92,Downloaded
2017-10-16,MCD15A2H.A2017289.h17v05.061.2021289052128.hdf,MCD15A2H,061,5.26,Downloaded
2017-10-24,MCD15A2H.A2017297.h17v05.061.2021289052612.hdf,MCD15A2H,061,4.76,Downloaded
2017-11-01,MCD15A2H.A2017305.h17v05.061.2021289053256.hdf,MCD15A2H,061,5.19,Downloaded
2017-11-09,MCD15A2H.A2017313.h17v05.061.2021290202253.hdf,MCD15A2H,061,4.91,Downloaded
2017-11-17,MCD15A2H.A2017321.h17v05.061.2021290203300.hdf,MCD15A2H,061,4.8,Downloaded
2017-11-25,MCD15A2H.A2017329.h17v05.061.2021294004137.hdf,MCD15A2H,061,5.06,Downloaded
2017-12-03,MCD15A2H.A2017337.h17v05.061.2021294015636.hdf,MCD15A2H,061,4.99,Downloaded
2017-12-11,MCD15A2H.A2017345.h17v05.061.2021294023216.hdf,MCD15A2H,061,5.29,Downloaded
2017-12-19,MCD15A2H.A2017353.h17v05.061.2021294024524.hdf,MCD15A2H,061,5.21,Downloaded
2017-12-27,MCD15A2H.A2017361.h17v05.061.2021295115914.hdf,MCD15A2H,061,5.35,Downloaded
2018-01-01,MCD15A2H.A2018001.h17v05.061.2021305200759.hdf,MCD15A2H,061,5.28,Downloaded
2018-01-09,MCD15A2H.A2018009.h17v05.061.2021313103601.hdf,MCD15A2H,061,5.54,Downloaded
2018-01-17,MCD15A2H.A2018017.h17v05.061.2021314013211.hdf,MCD15A2H,061,5.38,Downloaded
2018-01-25,MCD15A2H.A2018025.h17v05.061.2021315070737.hdf,MCD15A2H,061,5.68,Downloaded
2018-02-02,MCD15A2H.A2018033.h17v05.061.2021317192714.hdf,MCD15A2H,061,5.84,Downloaded
2018-02-10,MCD15A2H.A2018041.h17v05.061.2021317013553.hdf,MCD15A2H,061,5.77,Downloaded
2018-02-18,MCD15A2H.A2018049.h17v05.061.2021317193611.hdf,MCD15A2H,061,5.96,Downloaded
2018-02-26,MCD15A2H.A2018057.h17v05.061.2021319125119.hdf,MCD15A2H,061,6.04,Downloaded
2018-03-06,MCD15A2H.A2018065.h17v05.061.2021319130229.hdf,MCD15A2H,061,6.15,Downloaded
2018-03-14,MCD15A2H.A2018073.h17v05.061.2021324050530.hdf,MCD15A2H,061,6.33,Downloaded
2018-03-22,MCD15A2H.A2018081.h17v05.061.2021324051101.hdf,MCD15A2H,061,6.01,Downloaded
2018-03-30,MCD15A2H.A2018089.h17v05.061.2021324051315.hdf,MCD15A2H,061,6.18,Downloaded
2018-04-07,MCD15A2H.A2018097.h17v05.061.2021324051711.hdf,MCD15A2H,061,6.55,Downloaded
2018-04-15,MCD15A2H.A2018105.h17v05.061.2021328113020.hdf,MCD15A2H,061,5.7,Downloaded
2018-04-23,MCD15A2H.A2018113.h17v05.061.2021328113030.hdf,MCD15A2H,061,6.17,Downloaded
2018-05-01,MCD15A2H.A2018121.h17v05.061.2021331220116.hdf,MCD15A2H,061,6.15,Downloaded
2018-05-09,MCD15A2H.A2018129.h17v05.061.2021331220659.hdf,MCD15A2H,061,5.81,Downloaded
2018-05-17,MCD15A2H.A2018137.h17v05.061.2021331221118.hdf,MCD15A2H,061,6.08,Downloaded
2018-05-25,MCD15A2H.A2018145.h17v05.061.2021331221529.hdf,MCD15A2H,061,6.17,Downloaded
2018-06-02,MCD15A2H.A2018153.h17v05.061.2021334110650.hdf,MCD15A2H,061,5.83,Downloaded
2018-06-10,MCD15A2H.A2018161.h17v05.061.2021334112219.hdf,MCD15A2H,061,5.57,Downloaded
2018-06-18,MCD15A2H.A2018169.h17v05.061.2021335193323.hdf,MCD15A2H,061,5.17,Downloaded
2018-06-26,MCD15A2H.A2018177.h17v05.061.2021337223105.hdf,MCD15A2H,061,5.4,Downloaded
2018-07-04,MCD15A2H.A2018185.h17v05.061.2021337223939.hdf,MCD15A2H,061,5.06,Downloaded
2018-07-12,MCD15A2H.A2018193.h17v05.061.2021337224701.hdf,MCD15A2H,061,5.15,Downloaded
2018-07-20,MCD15A2H.A2018201.h17v05.061.2021349165758.hdf,MCD15A2H,061,4.98,Downloaded
2018-07-28,MCD15A2H.A2018209.h17v05.061.2021349171933.hdf,MCD15A2H,061,4.93,Downloaded
2018-08-05,MCD15A2H.A2018217.h17v05.061.2021349172244.hdf,MCD15A2H,061,5.14,Downloaded
2018-08-13,MCD15A2H.A2018225.h17v05.061.2021349174436.hdf,MCD15A2H,061,5.16,Downloaded
2018-08-21,MCD15A2H.A2018233.h17v05.061.2021349174709.hdf,MCD15A2H,061,5.04,Downloaded
2018-08-29,MCD15A2H.A2018241.h17v05.061.2021349175547.hdf,MCD15A2H,061,5.2,Downloaded
2018-09-06,MCD15A2H.A2018249.h17v05.061.2021349180521.hdf,MCD15A2H,061,5.56,Downloaded
2018-09-14,MCD15A2H.A2018257.h17v05.061.2021349180850.hdf,MCD15A2H,061,5.53,Downloaded
2018-09-22,MCD15A2H.A2018265.h17v05.061.2021349181546.hdf,MCD15A2H,061,5.3,Downloaded
2018-09-30,MCD15A2H.A2018273.h17v05.061.2021349181716.hdf,MCD15A2H,061,5.18,Downloaded
2018-10-08,MCD15A2H.A2018281.h17v05.061.2021349182034.hdf,MCD15A2H,061,5.53,Downloaded
2018-10-16,MCD15A2H.A2018289.h17v05.061.2021349182517.hdf,MCD15A2H,061,5.78,Downloaded
2018-10-24,MCD15A2H.A2018297.h17v05.061.2021349182927.hdf,MCD15A2H,061,5.49,Downloaded
2018-11-01,MCD15A2H.A2018305.h17v05.061.2021349183233.hdf,MCD15A2H,061,5.63,Downloaded
2018-11-09,MCD15A2H.A2018313.h17v05.061.2021349183521.hdf,MCD15A2H,061,5.61,Downloaded
2018-11-17,MCD15A2H.A2018321.h17v05.061.2021349183740.hdf,MCD15A2H,061,5.9,Downloaded
2018-11-25,MCD15A2H.A2018329.h17v05.061.2021349235235.hdf,MCD15A2H,061,5.6,Downloaded
2018-12-03,MCD15A2H.A2018337.h17v05.061.2021350040406.hdf,MCD15A2H,061,5.33,Downloaded
2018-12-11,MCD15A2H.A2018345.h17v05.061.2021350075518.hdf,MCD15A2H,061,5.73,Downloaded
2018-12-19,MCD15A2H.A2018353.h17v05.061.2021350113615.hdf,MCD15A2H,061,5.65,Downloaded
2018-12-27,MCD15A2H.A2018361.h17v05.061.2021361190552.hdf,MCD15A2H,061,5.58,Downloaded
2019-01-01,MCD15A2H.A2019001.h17v05.061.2020286144208.hdf,MCD15A2H,061,5.38,Downloaded
2019-01-09,MCD15A2H.A2019009.h17v05.061.2020286151552.hdf,MCD15A2H,061,5.38,Downloaded
2019-01-17,MCD15A2H.A2019017.h17v05.061.2020286160917.hdf,MCD15A2H,061,5.84,Downloaded
2019-01-25,MCD15A2H.A2019025.h17v05.061.2020286191437.hdf,MCD15A2H,061,5.65,Downloaded
2019-02-02,MCD15A2H.A2019033.h17v05.061.2020287083144.hdf,MCD15A2H,061,5.6,Downloaded
2019-02-10,MCD15A2H.A2019041.h17v05.061.2020288012313.hdf,MCD15A2H,061,5.49,Downloaded
2019-02-18,MCD15A2H.A2019049.h17v05.061.2020288132007.hdf,MCD15A2H,061,5.63,Downloaded
2019-02-26,MCD15A2H.A2019057.h17v05.061.2020289014245.hdf,MCD15A2H,061,5.51,Downloaded
2019-03-06,MCD15A2H.A2019065.h17v05.061.2020289141100.hdf,MCD15A2H,061,5.73,Downloaded
2019-03-14,MCD15A2H.A2019073.h17v05.061.2020290193317.hdf,MCD15A2H,061,5.5,Downloaded
2019-03-22,MCD15A2H.A2019081.h17v05.061.2020291060552.hdf,MCD15A2H,061,5.65,Downloaded
2019-03-30,MCD15A2H.A2019089.h17v05.061.2020291184449.hdf,MCD15A2H,061,6.09,Downloaded
2019-04-07,MCD15A2H.A2019097.h17v05.061.2020292090854.hdf,MCD15A2H,061,5.88,Downloaded
2019-04-15,MCD15A2H.A2019105.h17v05.061.2020292171708.hdf,MCD15A2H,061,5.82,Downloaded
2019-04-23,MCD15A2H.A2019113.h17v05.061.2020293071348.hdf,MCD15A2H,061,5.64,Downloaded
2019-05-01,MCD15A2H.A2019121.h17v05.061.2020293203236.hdf,MCD15A2H,061,5.63,Downloaded
2019-05-09,MCD15A2H.A2019129.h17v05.061.2020294042925.hdf,MCD15A2H,061,5.07,Downloaded
2019-05-17,MCD15A2H.A2019137.h17v05.061.2020294173823.hdf,MCD15A2H,061,5.54,Downloaded
2019-05-25,MCD15A2H.A2019145.h17v05.061.2020297210314.hdf,MCD15A2H,061,5.09,Downloaded
2019-06-02,MCD15A2H.A2019153.h17v05.061.2020298070614.hdf,MCD15A2H,061,5.15,Downloaded
2019-06-10,MCD15A2H.A2019161.h17v05.061.2020298153128.hdf,MCD15A2H,061,5.14,Downloaded
2019-06-18,MCD15A2H.A2019169.h17v05.061.2020298234445.hdf,MCD15A2H,061,5.1,Downloaded
2019-06-26,MCD15A2H.A2019177.h17v05.061.2020302063157.hdf,MCD15A2H,061,5.02,Downloaded
2019-07-04,MCD15A2H.A2019185.h17v05.061.2020303095921.hdf,MCD15A2H,061,5.17,Downloaded
2019-07-12,MCD15A2H.A2019193.h17v05.061.2020303201722.hdf,MCD15A2H,061,5.0,Downloaded
2019-07-20,MCD15A2H.A2019201.h17v05.061.2020304043734.hdf,MCD15A2H,061,5.01,Downloaded
2019-07-28,MCD15A2H.A2019209.h17v05.061.2020304102932.hdf,MCD15A2H,061,4.9,Downloaded
2019-08-05,MCD15A2H.A2019217.h17v05.061.2020304194530.hdf,MCD15A2H,061,4.98,Downloaded
2019-08-13,MCD15A2H.A2019225.h17v05.061.2020305234912.hdf,MCD15A2H,061,4.8,Downloaded
2019-08-21,MCD15A2H.A2019233.h17v05.061.2020306172247.hdf,MCD15A2H,061,5.13,Downloaded
2019-08-29,MCD15A2H.A2019241.h17v05.061.2020307144831.hdf,MCD15A2H,061,5.16,Downloaded
2019-09-06,MCD15A2H.A2019249.h17v05.061.2020308204703.hdf,MCD15A2H,061,5.41,Downloaded
2019-09-14,MCD15A2H.A2019257.h17v05.061.2020310101857.hdf,MCD15A2H,061,5.15,Downloaded
2019-09-22,MCD15A2H.A2019265.h17v05.061.2020312070745.hdf,MCD15A2H,061,4.91,Downloaded
2019-09-30,MCD15A2H.A2019273.h17v05.061.2020313064720.hdf,MCD15A2H,061,4.82,Downloaded
2019-10-08,MCD15A2H.A2019281.h17v05.061.2020314031430.hdf,MCD15A2H,061,5.22,Downloaded
2019-10-16,MCD15A2H.A2019289.h17v05.061.2020314230214.hdf,MCD15A2H,061,5.41,Downloaded
2019-10-24,MCD15A2H.A2019297.h17v05.061.2020316013844.hdf,MCD15A2H,061,5.23,Downloaded
2019-11-01,MCD15A2H.A2019305.h17v05.061.2020316195656.hdf,MCD15A2H,061,5.66,Downloaded
2019-11-09,MCD15A2H.A2019313.h17v05.061.2020317215820.hdf,MCD15A2H,061,5.5,Downloaded
2019-11-17,MCD15A2H.A2019321.h17v05.061.2020318152818.hdf,MCD15A2H,061,5.46,Downloaded
2019-11-25,MCD15A2H.A2019329.h17v05.061.2020319050442.hdf,MCD15A2H,061,5.35,Downloaded
2019-12-03,MCD15A2H.A2019337.h17v05.061.2020320193145.hdf,MCD15A2H,061,5.52,Downloaded
2019-12-11,MCD15A2H.A2019345.h17v05.061.2020322002740.hdf,MCD15A2H,061,5.42,Downloaded
2019-12-19,MCD15A2H.A2019353.h17v05.061.2020322223516.hdf,MCD15A2H,061,5.46,Downloaded
2019-12-27,MCD15A2H.A2019361.h17v05.061.2020323215303.hdf,MCD15A2H,061,5.4,Downloaded
2020-01-01,MCD15A2H.A2020001.h17v05.061.2020324111752.hdf,MCD15A2H,061,5.42,Downloaded
2020-01-09,MCD15A2H.A2020009.h17v05.061.2020326070602.hdf,MCD15A2H,061,5.52,Downloaded
2020-01-17,MCD15A2H.A2020017.h17v05.061.2020328150611.hdf,MCD15A2H,061,5.65,Downloaded
2020-01-25,MCD15A2H.A2020025.h17v05.061.2020328180344.hdf,MCD15A2H,061,5.8,Downloaded
2020-02-02,MCD15A2H.A2020033.h17v05.061.2020329015830.hdf,MCD15A2H,061,5.62,Downloaded
2020-02-10,MCD15A2H.A2020041.h17v05.061.2020329104542.hdf,MCD15A2H,061,5.68,Downloaded
2020-02-18,MCD15A2H.A2020049.h17v05.061.2020335032302.hdf,MCD15A2H,061,5.67,Downloaded
2020-02-26,MCD15A2H.A2020057.h17v05.061.2020335041826.hdf,MCD15A2H,061,5.73,Downloaded
2020-03-05,MCD15A2H.A2020065.h17v05.061.2020335043254.hdf,MCD15A2H,061,5.6,Downloaded
2020-03-13,MCD15A2H.A2020073.h17v05.061.2020330193138.hdf,MCD15A2H,061,5.88,Downloaded
2020-03-21,MCD15A2H.A2020081.h17v05.061.2020335055836.hdf,MCD15A2H,061,6.22,Downloaded
2020-03-29,MCD15A2H.A2020089.h17v05.061.2020335083346.hdf,MCD15A2H,061,6.07,Downloaded
2020-04-06,MCD15A2H.A2020097.h17v05.061.2020335044818.hdf,MCD15A2H,061,6.07,Downloaded
2020-04-14,MCD15A2H.A2020105.h17v05.061.2020335051855.hdf,MCD15A2H,061,6.24,Downloaded
2020-04-22,MCD15A2H.A2020113.h17v05.061.2020335053314.hdf,MCD15A2H,061,6.14,Downloaded
2020-04-30,MCD15A2H.A2020121.h17v05.061.2020335054626.hdf,MCD15A2H,061,5.46,Downloaded
2020-05-08,MCD15A2H.A2020129.h17v05.061.2020339161333.hdf,MCD15A2H,061,6.05,Downloaded
2020-05-16,MCD15A2H.A2020137.h17v05.061.2020335061206.hdf,MCD15A2H,061,5.57,Downloaded
2020-05-24,MCD15A2H.A2020145.h17v05.061.2020335110134.hdf,MCD15A2H,061,5.26,Downloaded
2020-06-01,MCD15A2H.A2020153.h17v05.061.2020336021256.hdf,MCD15A2H,061,5.63,Downloaded
2020-06-09,MCD15A2H.A2020161.h17v05.061.2020336143231.hdf,MCD15A2H,061,5.54,Downloaded
2020-06-17,MCD15A2H.A2020169.h17v05.061.2020336205629.hdf,MCD15A2H,061,5.18,Downloaded
2020-06-25,MCD15A2H.A2020177.h17v05.061.2020340125841.hdf,MCD15A2H,061,5.05,Downloaded
2020-07-03,MCD15A2H.A2020185.h17v05.061.2020340132112.hdf,MCD15A2H,061,4.94,Downloaded
2020-07-11,MCD15A2H.A2020193.h17v05.061.2020340140810.hdf,MCD15A2H,061,5.1,Downloaded
2020-07-19,MCD15A2H.A2020201.h17v05.061.2020340145016.hdf,MCD15A2H,061,4.99,Downloaded
2020-07-27,MCD15A2H.A2020209.h17v05.061.2020341055413.hdf,MCD15A2H,061,5.02,Downloaded
2020-08-04,MCD15A2H.A2020217.h17v05.061.2020342053858.hdf,MCD15A2H,061,5.04,Downloaded
2020-08-12,MCD15A2H.A2020225.h17v05.061.2020343014747.hdf,MCD15A2H,061,4.94,Downloaded
2020-08-20,MCD15A2H.A2020233.h17v05.061.2020344202901.hdf,MCD15A2H,061,4.67,Downloaded
2020-08-28,MCD15A2H.A2020241.h17v05.061.2020345151646.hdf,MCD15A2H,061,4.87,Downloaded
2020-09-05,MCD15A2H.A2020249.h17v05.061.2020346134113.hdf,MCD15A2H,061,4.98,Downloaded
2020-09-13,MCD15A2H.A2020257.h17v05.061.2020347013140.hdf,MCD15A2H,061,5.4,Downloaded
2020-09-21,MCD15A2H.A2020265.h17v05.061.2020347095817.hdf,MCD15A2H,061,5.11,Downloaded
2020-09-29,MCD15A2H.A2020273.h17v05.061.2020349231208.hdf,MCD15A2H,061,5.1,Downloaded
2020-10-07,MCD15A2H.A2020281.h17v05.061.2020348074822.hdf,MCD15A2H,061,4.97,Downloaded
2020-10-15,MCD15A2H.A2020289.h17v05.061.2020349214316.hdf,MCD15A2H,061,5.17,Downloaded
2020-10-23,MCD15A2H.A2020297.h17v05.061.2020352232742.hdf,MCD15A2H,061,5.22,Downloaded
2020-10-31,MCD15A2H.A2020305.h17v05.061.2020353071138.hdf,MCD15A2H,061,5.21,Downloaded
2020-11-08,MCD15A2H.A2020313.h17v05.061.2020353153104.hdf,MCD15A2H,061,5.4,Downloaded
2020-11-16,MCD15A2H.A2020321.h17v05.061.2020354024435.hdf,MCD15A2H,061,5.06,Downloaded
2020-11-24,MCD15A2H.A2020329.h17v05.061.2020357123740.hdf,MCD15A2H,061,5.37,Downloaded
2020-12-02,MCD15A2H.A2020337.h17v05.061.2020363142321.hdf,MCD15A2H,061,5.49,Downloaded
2020-12-10,MCD15A2H.A2020345.h17v05.061.2021011214002.hdf,MCD15A2H,061,5.62,Downloaded
2020-12-18,MCD15A2H.A2020353.h17v05.061.2021006095715.hdf,MCD15A2H,061,5.53,Downloaded
2020-12-26,MCD15A2H.A2020361.h17v05.061.2021012074022.hdf,MCD15A2H,061,5.55,Downloaded
