filename,relative_path,size_bytes,modification_time,hash,metrics_summary
runoff_partitioning_2016.json,runoff_partitioning/runoff_partitioning_2016.json,372,2026-07-05T00:45:37,0dc7678006bcd1737c2cfb1a81a424338029fdb0bde4dc0e5ac7a5ccaf0d1b8e,"['experiment', 'variable', 'diagnostic_type', 'filename', 'title', 'caption']"
runoff_partitioning_2016.png,runoff_partitioning/runoff_partitioning_2016.png,61327,2026-07-05T00:45:37,a186bbc5b9e750989c6efaf8f7f7d803564091c9527b8da34374e867cde982fd,
DA_smap_nocdf_noirr_2016_increment_map.png,assimilation/DA_smap_nocdf_noirr_2016/DA_smap_nocdf_noirr_2016_increment_map.png,285805,2026-07-05T19:05:47,a0c17a8cc07bca42c6ce5388a93bfc7517e9dce4ddb6415ef3373e76c0ea1946,
DA_smap_nocdf_noirr_2016_increment_histogram.png,assimilation/DA_smap_nocdf_noirr_2016/DA_smap_nocdf_noirr_2016_increment_histogram.png,123206,2026-07-05T19:05:49,74a4e25278cc5aa4c50d5d54409a53e8d83bf7a2cdc6716134ed9bc6840ce6ed,
Fig04c_soil_moisture_increment_distribution_DA-noCDF-noIRR_2016.png,assimilation/DA_smap_nocdf_noirr_2016/Fig04c_soil_moisture_increment_distribution_DA-noCDF-noIRR_2016.png,144463,2026-07-04T19:30:57,5d643227dc91fd895c41106fdafdb10c103965a50a354fbae152408236e2030b,
Fig04a_mean_innovation_observation_space_DA-noCDF-noIRR_2016.png,assimilation/DA_smap_nocdf_noirr_2016/Fig04a_mean_innovation_observation_space_DA-noCDF-noIRR_2016.png,298449,2026-07-04T19:30:55,e58123f2adbbe82f52dce5c0a804e88f578ccd3bad4a61c5e4a296dbef725dd9,
DA_smap_nocdf_noirr_2016_increment_histogram.json,assimilation/DA_smap_nocdf_noirr_2016/DA_smap_nocdf_noirr_2016_increment_histogram.json,466,2026-07-05T19:05:52,75c4f48b395e66e11ae6f307a10532aba1ddef1b39828cd79c19e5b44a12e46c,"['experiment', 'experiment_label', 'title', 'caption', 'filename', 'diagnostic_type']"
Fig02_smap_assimilation_frequency_DA-noCDF-noIRR_2016.png,assimilation/DA_smap_nocdf_noirr_2016/Fig02_smap_assimilation_frequency_DA-noCDF-noIRR_2016.png,317540,2026-07-04T19:30:32,fdb0786c52fe4b0944eb7bd5c749cf7834b60da7995d2917787d66309609eecc,
DA_smap_nocdf_noirr_2016_obs_count.png,assimilation/DA_smap_nocdf_noirr_2016/DA_smap_nocdf_noirr_2016_obs_count.png,280454,2026-07-05T19:05:25,73c6582326f318a2bf355944c2bc65e86d3195caab926bde4ea42f3164bd7689,
Fig01_smap_assimilated_observation_count_DA-noCDF-noIRR_2016.png,assimilation/DA_smap_nocdf_noirr_2016/Fig01_smap_assimilated_observation_count_DA-noCDF-noIRR_2016.png,298123,2026-07-04T19:30:31,f2b85eeb6209879bd5f76158313625a4395391e75df0807df4c37f036f8ab301,
DA_smap_nocdf_noirr_2016_seasonal_increments.json,assimilation/DA_smap_nocdf_noirr_2016/DA_smap_nocdf_noirr_2016_seasonal_increments.json,598,2026-07-05T19:05:52,8b8c2f407a88471acaa88f8476f12b50620d92443b66a1e8e6fa5c8db1e6fd41,"['experiment', 'experiment_label', 'title', 'caption', 'filename', 'diagnostic_type']"
DA_smap_nocdf_noirr_2016_spread_consistency.json,assimilation/DA_smap_nocdf_noirr_2016/DA_smap_nocdf_noirr_2016_spread_consistency.json,497,2026-07-05T19:05:52,41aabda2c416ef86c2ff7839834d170f2fd5bc647ab35077063860e0bd287a46,"['experiment', 'experiment_label', 'title', 'caption', 'filename', 'diagnostic_type']"
Fig05_wet_dry_season_increment_comparison_DA-noCDF-noIRR_2016.png,assimilation/DA_smap_nocdf_noirr_2016/Fig05_wet_dry_season_increment_comparison_DA-noCDF-noIRR_2016.png,429312,2026-07-04T19:31:00,e9918da4433a9a6d0a4aac6499e2b6a833984b031691494841fbea19c72154e5,
DA_smap_nocdf_noirr_2016_assim_frequency.png,assimilation/DA_smap_nocdf_noirr_2016/DA_smap_nocdf_noirr_2016_assim_frequency.png,319513,2026-07-05T19:05:26,3104e43eb3141670b25db765ac87dcc0d7634095288ae5f85e005ebcb91517b6,
DA_smap_nocdf_noirr_2016_increment_map.json,assimilation/DA_smap_nocdf_noirr_2016/DA_smap_nocdf_noirr_2016_increment_map.json,530,2026-07-05T19:05:52,45adc15b92e14aacbdab085895de9ef33a7f62087ffe17d44cb56fd87b7d7c02,"['experiment', 'experiment_label', 'title', 'caption', 'filename', 'diagnostic_type']"
DA_smap_nocdf_noirr_2016_spread_comparison.json,assimilation/DA_smap_nocdf_noirr_2016/DA_smap_nocdf_noirr_2016_spread_comparison.json,504,2026-07-05T19:05:52,8db34adaa4f0a5b8ef54c9b6c4e0c5e0db4742b78b8b0c96f3f4246b6c255ddf,"['experiment', 'experiment_label', 'title', 'caption', 'filename', 'diagnostic_type']"
DA_smap_nocdf_noirr_2016_obs_count.json,assimilation/DA_smap_nocdf_noirr_2016/DA_smap_nocdf_noirr_2016_obs_count.json,439,2026-07-05T19:05:52,cdb1296b71ff5c506a07daae89e4a605d57f1408f6d82d6eba9770523d853d31,"['experiment', 'experiment_label', 'title', 'caption', 'filename', 'diagnostic_type']"
Fig07_spread_related_diagnostics_obsspace_vs_state_DA-noCDF-noIRR_2016.png,assimilation/DA_smap_nocdf_noirr_2016/Fig07_spread_related_diagnostics_obsspace_vs_state_DA-noCDF-noIRR_2016.png,517003,2026-07-05T19:05:57,2cfc266e56163d480aeb47236031f55379fa3a06edabe30fc9e6897d16d25a44,
DA_smap_nocdf_noirr_2016_spread_consistency.png,assimilation/DA_smap_nocdf_noirr_2016/DA_smap_nocdf_noirr_2016_spread_consistency.png,394201,2026-07-05T19:05:55,14956b8fd7117b691a987a07e44d24771ff6deb5b56eda4c99dba9fddf6577f2,
DA_smap_nocdf_noirr_2016_seasonal_increments.png,assimilation/DA_smap_nocdf_noirr_2016/DA_smap_nocdf_noirr_2016_seasonal_increments.png,429469,2026-07-05T19:05:52,99baacfd9e9a5d7fabab0a7b6a31f1d0e8a7a94da6a9a8d5191183196affc768,
DA_smap_nocdf_noirr_2016_assim_frequency.json,assimilation/DA_smap_nocdf_noirr_2016/DA_smap_nocdf_noirr_2016_assim_frequency.json,441,2026-07-05T19:05:52,10cc4dafa539aecc722ead27c9514b08e0482def27298c0aacec07169d403b42,"['experiment', 'experiment_label', 'title', 'caption', 'filename', 'diagnostic_type']"
DA_smap_nocdf_noirr_2016_innovation_map.png,assimilation/DA_smap_nocdf_noirr_2016/DA_smap_nocdf_noirr_2016_innovation_map.png,287573,2026-07-05T19:05:47,34aaf12a5b2890e5c864c828b1d4f555e2a0b8aa102077f0cd205631b2be6222,
DA_smap_nocdf_noirr_2016_innovation_map.json,assimilation/DA_smap_nocdf_noirr_2016/DA_smap_nocdf_noirr_2016_innovation_map.json,464,2026-07-05T19:05:52,520b2bd050fb66591a6252304798a88d34f4d8c49f6a65b459c2f268a8f507fd,"['experiment', 'experiment_label', 'title', 'caption', 'filename', 'diagnostic_type']"
Fig06_spread_diagnostics_consistency_check_DA-noCDF-noIRR_2016.png,assimilation/DA_smap_nocdf_noirr_2016/Fig06_spread_diagnostics_consistency_check_DA-noCDF-noIRR_2016.png,422651,2026-07-04T19:31:05,d162dfce9a8d735e71a613d8e1741123558853912ea73c4e6faf904f9ca2e638,
Fig04b_mean_soil_moisture_increment_DA-noCDF-noIRR_2016.png,assimilation/DA_smap_nocdf_noirr_2016/Fig04b_mean_soil_moisture_increment_DA-noCDF-noIRR_2016.png,266625,2026-07-04T19:30:56,d0475c1a16cb47c659b8f29e2f8099ca0fdfc1ab97d7ff61472019324c686a1b,
DA_smap_cdf_noirr_2016_obs_count.png,assimilation/DA_smap_cdf_noirr_2016/DA_smap_cdf_noirr_2016_obs_count.png,272981,2026-07-05T19:05:59,b4cd7c89cc1406dcb66d66b2afbbce233c84ff847b0569c36b290a6d000ae158,
DA_smap_cdf_noirr_2016_seasonal_increments.json,assimilation/DA_smap_cdf_noirr_2016/DA_smap_cdf_noirr_2016_seasonal_increments.json,590,2026-07-05T19:06:24,67290a83e06f22c16f67b88df58e564f723d7b514d5a681ac7ff1dc87a8e16ac,"['experiment', 'experiment_label', 'title', 'caption', 'filename', 'diagnostic_type']"
DA_smap_cdf_noirr_2016_increment_map.png,assimilation/DA_smap_cdf_noirr_2016/DA_smap_cdf_noirr_2016_increment_map.png,263263,2026-07-05T19:06:19,07b9f515f8fca0b9c97efe35964634d7df5b0ca5036662427cca24c3ed04e5e7,
DA_smap_cdf_noirr_2016_spread_consistency.json,assimilation/DA_smap_cdf_noirr_2016/DA_smap_cdf_noirr_2016_spread_consistency.json,489,2026-07-05T19:06:24,b305efe7749e2f9008459590452b4a3cb884eb34d3d6a44be14b87b64366221a,"['experiment', 'experiment_label', 'title', 'caption', 'filename', 'diagnostic_type']"
DA_smap_cdf_noirr_2016_spread_comparison.json,assimilation/DA_smap_cdf_noirr_2016/DA_smap_cdf_noirr_2016_spread_comparison.json,496,2026-07-05T19:06:24,a37ecd801cc17c9ace327b18e22e5e6351006d104e930c25533629f19aecdae6,"['experiment', 'experiment_label', 'title', 'caption', 'filename', 'diagnostic_type']"
Fig04c_soil_moisture_increment_distribution_DA-noCDF-noIRR_2016.png,assimilation/DA_smap_cdf_noirr_2016/Fig04c_soil_moisture_increment_distribution_DA-noCDF-noIRR_2016.png,137349,2026-07-04T19:31:35,04cdbc3216e79dd72565f736e6d11863a55d311ac047736fba6637ae684c4529,
DA_smap_cdf_noirr_2016_innovation_map.png,assimilation/DA_smap_cdf_noirr_2016/DA_smap_cdf_noirr_2016_innovation_map.png,299414,2026-07-05T19:06:19,9152fbf0440f30794874438aedbdd4946ed493a66d7ddfe02e16c8a59682cb07,
Fig04a_mean_innovation_observation_space_DA-noCDF-noIRR_2016.png,assimilation/DA_smap_cdf_noirr_2016/Fig04a_mean_innovation_observation_space_DA-noCDF-noIRR_2016.png,311708,2026-07-04T19:31:33,65c780e860a500ceb2a8ca43d0af1401e44c2f3453cb4e0a4fe60e0c704abe9e,
Fig02_smap_assimilation_frequency_DA-noCDF-noIRR_2016.png,assimilation/DA_smap_cdf_noirr_2016/Fig02_smap_assimilation_frequency_DA-noCDF-noIRR_2016.png,317059,2026-07-04T19:31:12,d7a6f5a917304a04f1e198e5049ea2061e6dfb44b31e4c1d525c3e9438fe825b,
Fig01_smap_assimilated_observation_count_DA-noCDF-noIRR_2016.png,assimilation/DA_smap_cdf_noirr_2016/Fig01_smap_assimilated_observation_count_DA-noCDF-noIRR_2016.png,290354,2026-07-04T19:31:11,0c55812726d91e2dd949cf9f042eca3f2f739d27cc65c2a2bd178c66abc0e338,
DA_smap_cdf_noirr_2016_increment_map.json,assimilation/DA_smap_cdf_noirr_2016/DA_smap_cdf_noirr_2016_increment_map.json,522,2026-07-05T19:06:24,c724fded7b8b377d05107f7077f057bef34f850d9e86256b55907d08f633743a,"['experiment', 'experiment_label', 'title', 'caption', 'filename', 'diagnostic_type']"
DA_smap_cdf_noirr_2016_seasonal_increments.png,assimilation/DA_smap_cdf_noirr_2016/DA_smap_cdf_noirr_2016_seasonal_increments.png,388622,2026-07-05T19:06:24,7ba569920f358be88f73adaf9d502681328b96a9c74f9cd9b6c4417e7fdf93b7,
Fig05_wet_dry_season_increment_comparison_DA-noCDF-noIRR_2016.png,assimilation/DA_smap_cdf_noirr_2016/Fig05_wet_dry_season_increment_comparison_DA-noCDF-noIRR_2016.png,388932,2026-07-04T19:31:38,d64379e3b6370ca42decf60e1b18e966e2fe36c6913d5e8a5cac18f4f474d185,
DA_smap_cdf_noirr_2016_assim_frequency.json,assimilation/DA_smap_cdf_noirr_2016/DA_smap_cdf_noirr_2016_assim_frequency.json,433,2026-07-05T19:06:24,ba968c1014dfc25f67e892787cf927ce24bbfb9396ab81edb5ce210802b7f573,"['experiment', 'experiment_label', 'title', 'caption', 'filename', 'diagnostic_type']"
DA_smap_cdf_noirr_2016_innovation_map.json,assimilation/DA_smap_cdf_noirr_2016/DA_smap_cdf_noirr_2016_innovation_map.json,456,2026-07-05T19:06:24,9292f722b5d836b0d45cce67b9e933a3cdaeba352ffa01040e26adef2c182f23,"['experiment', 'experiment_label', 'title', 'caption', 'filename', 'diagnostic_type']"
Fig07_spread_related_diagnostics_obsspace_vs_state_DA-noCDF-noIRR_2016.png,assimilation/DA_smap_cdf_noirr_2016/Fig07_spread_related_diagnostics_obsspace_vs_state_DA-noCDF-noIRR_2016.png,537943,2026-07-05T19:06:30,188fc1027d94f4e4c75d240ea396666c147e6ea1fff6ac31df5062bfb5692707,
DA_smap_cdf_noirr_2016_increment_histogram.png,assimilation/DA_smap_cdf_noirr_2016/DA_smap_cdf_noirr_2016_increment_histogram.png,116045,2026-07-05T19:06:21,cf6d7e88f5bd4ab04546c235c5d4ce32c75b4a36b03bbbb108e0ef7b5d5d78b3,
DA_smap_cdf_noirr_2016_increment_histogram.json,assimilation/DA_smap_cdf_noirr_2016/DA_smap_cdf_noirr_2016_increment_histogram.json,458,2026-07-05T19:06:24,de221902832e946ce79f24072bea0224202f989ac07232fd79219081e3656d70,"['experiment', 'experiment_label', 'title', 'caption', 'filename', 'diagnostic_type']"
DA_smap_cdf_noirr_2016_spread_consistency.png,assimilation/DA_smap_cdf_noirr_2016/DA_smap_cdf_noirr_2016_spread_consistency.png,405889,2026-07-05T19:06:28,7aa3818c259a0859203b94a603fff7c8a065182005160d5ec2e7b6c0afdf73b0,
DA_smap_cdf_noirr_2016_assim_frequency.png,assimilation/DA_smap_cdf_noirr_2016/DA_smap_cdf_noirr_2016_assim_frequency.png,318039,2026-07-05T19:06:00,057452bc713d39ff44896f5595d7558b8898dda1507a8242f0b1f0b34a35d7d9,
DA_smap_cdf_noirr_2016_obs_count.json,assimilation/DA_smap_cdf_noirr_2016/DA_smap_cdf_noirr_2016_obs_count.json,431,2026-07-05T19:06:24,9e761bcd9276ad77a1880b044177a039249a7ec7de5974424b22694adc29968a,"['experiment', 'experiment_label', 'title', 'caption', 'filename', 'diagnostic_type']"
Fig06_spread_diagnostics_consistency_check_DA-noCDF-noIRR_2016.png,assimilation/DA_smap_cdf_noirr_2016/Fig06_spread_diagnostics_consistency_check_DA-noCDF-noIRR_2016.png,435331,2026-07-04T19:31:42,eda6c90786b858b0f9a9473905b5a29bcd52c0b574a4ce055dbbf993df5d5cf7,
Fig04b_mean_soil_moisture_increment_DA-noCDF-noIRR_2016.png,assimilation/DA_smap_cdf_noirr_2016/Fig04b_mean_soil_moisture_increment_DA-noCDF-noIRR_2016.png,258453,2026-07-04T19:31:33,5d7e045d4a56bf545cda62d50a314453034405ccfd0a5b86ce8ce1ea191a6f97,
resolved_config.yaml,hydrology/runoff_partitioning/resolved_config.yaml,2230,2026-07-05T18:40:50,e582d6613bfe13f6a0082518eb7fd12e21ce29c7500e2b6451e68a228573eaba,
05_runoff_partitioning_fraction_monthly_2016.png,hydrology/runoff_partitioning/05_runoff_partitioning_fraction_monthly_2016.png,360770,2026-07-05T18:40:50,f2db506217ae62eef27877d13404e60f74330f8a9a673070925f01847eca0561,
04_runoff_partitioning_monthly_2016.pdf,hydrology/runoff_partitioning/04_runoff_partitioning_monthly_2016.pdf,24334,2026-07-05T18:40:49,8b262dd360abdeb554b8380652fa7b509edbd8ce7057a080200b90c3dbf853ef,
05_runoff_partitioning_fraction_monthly_2016.pdf,hydrology/runoff_partitioning/05_runoff_partitioning_fraction_monthly_2016.pdf,19238,2026-07-05T18:40:50,11d637bfb8480ca84dfe69d04c3b1718b03afa75a032b9a203fcb4926b26c20c,
04_runoff_partitioning_monthly_2016.png,hydrology/runoff_partitioning/04_runoff_partitioning_monthly_2016.png,488721,2026-07-05T18:40:49,3624111f451982b7440c6ef90d5f76752335eb1d3e513214814e3fc68db53d74,
processing_log.yaml,hydrology/runoff_partitioning/processing_log.yaml,3002,2026-07-05T18:40:50,0b1da72de4937697d1462370ecc342715c7fa57d980d1f8d956a666ab7fe9fb2,
resolved_config.yaml,hydrology/surface_runoff/resolved_config.yaml,4301,2026-07-05T17:02:12,e84a88718efbe7a88cc9a3c98f26072d38e277a24f28351c54c2aac375419dd3,
surface_runoff_domain_mean_timeseries_2016.png,hydrology/surface_runoff/surface_runoff_domain_mean_timeseries_2016.png,368055,2026-07-05T12:00:51,597909c8ea60d85afa5d0b38014682406a4e1f3d2990c45921ff7f0625cdb21a,
surface_runoff_domain_mean_timeseries_2016.json,hydrology/surface_runoff/surface_runoff_domain_mean_timeseries_2016.json,314,2026-07-05T12:00:51,d8ca0b4207a1758155b73019a6d4b3b878fd005b0f2ae4d4e7d245a178805754,"['experiment', 'variable', 'diagnostic_type', 'filename', 'title', 'caption']"
01_surface_runoff_annual_mean_2016.png,hydrology/surface_runoff/01_surface_runoff_annual_mean_2016.png,470271,2026-07-05T17:02:01,36635278cc44c50da7231ce85e32da8fcfcdd0e611f1012570a22eed65b54f9c,
03_surface_runoff_domain_mean_timeseries_2016.png,hydrology/surface_runoff/03_surface_runoff_domain_mean_timeseries_2016.png,884612,2026-07-05T17:02:12,636a47bc3aaa12fc487b4990d057e5e74bdf09ff464481a1bd73b634528c9569,
03_surface_runoff_domain_mean_timeseries_2016.pdf,hydrology/surface_runoff/03_surface_runoff_domain_mean_timeseries_2016.pdf,29203,2026-07-05T17:02:12,981b4818c19fec8e59ddf0ab49262559534e4cf80f9c7d15946dab24d454d9b5,
surface_runoff_differences_2016.json,hydrology/surface_runoff/surface_runoff_differences_2016.json,297,2026-07-05T12:00:50,c82ccf04d0db27c2a842359f75a8791218805fe72268723f7cf6b98e795b7caf,"['experiment', 'variable', 'diagnostic_type', 'filename', 'title', 'caption']"
02_surface_runoff_differences_2016.pdf,hydrology/surface_runoff/02_surface_runoff_differences_2016.pdf,102090,2026-07-05T17:02:10,0ad69f0f79d3569692cc504e8568632184f78a8d5d8ec6bc494cf4c0990abff3,
surface_runoff_differences_2016.png,hydrology/surface_runoff/surface_runoff_differences_2016.png,201137,2026-07-05T12:00:50,533a77a2272d279c1a863025541e425059dfbe3226e8d34d493bd224cc35ae1f,
surface_runoff_annual_mean_2016.png,hydrology/surface_runoff/surface_runoff_annual_mean_2016.png,138519,2026-07-05T12:00:49,ab886ba911a9558cd58c44ad681c200be28f30e3a77c6aa95eb144732fd9690e,
surface_runoff_annual_mean_2016.json,hydrology/surface_runoff/surface_runoff_annual_mean_2016.json,299,2026-07-05T12:00:49,992dae01d1dd60e2a3bab26be024f04d763dffd20ebd54f50dd02eb5f9651a87,"['experiment', 'variable', 'diagnostic_type', 'filename', 'title', 'caption']"
01_surface_runoff_annual_mean_2016.pdf,hydrology/surface_runoff/01_surface_runoff_annual_mean_2016.pdf,117599,2026-07-05T17:02:04,7ab8020826f34b62ee9ff50a86a0c346b354ff4bd2c39b79702c0cab4bdb866f,
02_surface_runoff_differences_2016.png,hydrology/surface_runoff/02_surface_runoff_differences_2016.png,566748,2026-07-05T17:02:07,d7e74a6fe01bb7f845adaaecf92f394213c7fdaacfa76400b1e150629abc3476,
processing_log.yaml,hydrology/surface_runoff/processing_log.yaml,2190,2026-07-05T17:02:12,2fa3838d49f9018becc2f95e744c83b1664f487f608c3e24f562c5d0209c3e5b,
resolved_config.yaml,hydrology/surface_soil_moisture/resolved_config.yaml,4481,2026-07-05T17:07:52,7b82bbc182f02ac6d04fe3584f1deb97cd6083382db76b11f9b1d16f4e943f3d,
02_surface_soil_moisture_differences_2016.pdf,hydrology/surface_soil_moisture/02_surface_soil_moisture_differences_2016.pdf,155869,2026-07-05T17:07:50,c5d88a31c25f1293425d526456692a0b8a765f63426e030c3ac56b156b6f7a78,
surface_soil_moisture_domain_mean_timeseries_2016.png,hydrology/surface_soil_moisture/surface_soil_moisture_domain_mean_timeseries_2016.png,417520,2026-07-05T11:58:29,77a65325d25d2e134d53d0bf2ce5d34f216441cfe607309ba9fcb429a259ae1d,
surface_soil_moisture_domain_mean_timeseries_2016.json,hydrology/surface_soil_moisture/surface_soil_moisture_domain_mean_timeseries_2016.json,342,2026-07-05T11:58:29,5af71a791034f6c97d5d1feb740372d2d91313be4ac81bf47fc79a8c8e245c7f,"['experiment', 'variable', 'diagnostic_type', 'filename', 'title', 'caption']"
surface_soil_moisture_annual_mean_2016.png,hydrology/surface_soil_moisture/surface_soil_moisture_annual_mean_2016.png,157007,2026-07-05T11:58:28,86d38e153a4cfd106a087b8b7ed435455a7c5f8cdfc239e9af0a857fd775bb2f,
03_surface_soil_moisture_domain_mean_timeseries_2016.png,hydrology/surface_soil_moisture/03_surface_soil_moisture_domain_mean_timeseries_2016.png,1052278,2026-07-05T17:07:52,519151aaf80780d1ed1c9e5d65f49da706f24eafa875a364d44bf13fb30b2519,
surface_soil_moisture_annual_mean_2016.json,hydrology/surface_soil_moisture/surface_soil_moisture_annual_mean_2016.json,327,2026-07-05T11:58:28,dede327e3ad8ef8028656d108b17e8c0893a112e61b2d959458c34841badf0c4,"['experiment', 'variable', 'diagnostic_type', 'filename', 'title', 'caption']"
01_surface_soil_moisture_annual_mean_2016.pdf,hydrology/surface_soil_moisture/01_surface_soil_moisture_annual_mean_2016.pdf,126684,2026-07-05T17:07:44,d422d5a5a8f216d3b71fed16e982bcbd1e08ed7cc06fbe7352b07ace497b14d8,
03_surface_soil_moisture_domain_mean_timeseries_2016.pdf,hydrology/surface_soil_moisture/03_surface_soil_moisture_domain_mean_timeseries_2016.pdf,31474,2026-07-05T17:07:52,75a0244ee6ffd73d1a0ef8b365a3ff9ff3d7617ce9fe53745302a59ce9169ec5,
surface_soil_moisture_differences_2016.png,hydrology/surface_soil_moisture/surface_soil_moisture_differences_2016.png,193743,2026-07-05T11:58:29,324df49b7e13a3726831c3eaf8e475f09780d1a723caf31f8284b0a8fc7dfcd6,
02_surface_soil_moisture_differences_2016.png,hydrology/surface_soil_moisture/02_surface_soil_moisture_differences_2016.png,652541,2026-07-05T17:07:47,417fa88a685aff484572564a7aaaf8aafce4c9e13bd69d6dceaa48adc9a29c93,
01_surface_soil_moisture_annual_mean_2016.png,hydrology/surface_soil_moisture/01_surface_soil_moisture_annual_mean_2016.png,512078,2026-07-05T17:07:41,6026e58a6cc662346ce07a86bb58288b7b565e03555a0fa02486e86725757e3d,
surface_soil_moisture_differences_2016.json,hydrology/surface_soil_moisture/surface_soil_moisture_differences_2016.json,325,2026-07-05T11:58:29,df6c607a085f81ca6046459d52d10bfe70f5d151e67247b27cb2032bfdc5a93b,"['experiment', 'variable', 'diagnostic_type', 'filename', 'title', 'caption']"
processing_log.yaml,hydrology/surface_soil_moisture/processing_log.yaml,2696,2026-07-05T17:07:52,2da8b2b6a39007768e666958c4ebc3cf51c1d5fd26ae25e56eb1c17e7581d8fa,
01_groundwater_storage_annual_mean_2016.png,hydrology/groundwater_storage/01_groundwater_storage_annual_mean_2016.png,592857,2026-07-05T16:47:31,05dec8431596810ac110db4a5d6d800b483c3e47bc44c0e96ed77b3587c8b345,
groundwater_storage_annual_mean_2016.png,hydrology/groundwater_storage/groundwater_storage_annual_mean_2016.png,169170,2026-07-05T12:00:05,f3903d689d32f5a335db4cbe9732e66cc508ee20f614d69f563585cf12705c18,
resolved_config.yaml,hydrology/groundwater_storage/resolved_config.yaml,3893,2026-07-05T16:47:41,aa2442c10fb52dc5d6b3a3f9889136811244c5525cec7adc0b07e94080d5a4cc,
groundwater_storage_domain_mean_timeseries_2016.json,hydrology/groundwater_storage/groundwater_storage_domain_mean_timeseries_2016.json,334,2026-07-05T12:00:07,41cc54405c695469e146f457c276099ef6a06681863bdcdda3e1bc2db4c202b2,"['experiment', 'variable', 'diagnostic_type', 'filename', 'title', 'caption']"
groundwater_storage_differences_2016.png,hydrology/groundwater_storage/groundwater_storage_differences_2016.png,226176,2026-07-05T12:00:06,bc23574d2af71563cd22d9c6af9206072c03eaeed539eb41d213bece2872be87,
groundwater_storage_annual_mean_2016.json,hydrology/groundwater_storage/groundwater_storage_annual_mean_2016.json,319,2026-07-05T12:00:05,ed6f7b8400a4c1515dddb3b46be764cba43294424ba1c0e230aab59a62d5c1ac,"['experiment', 'variable', 'diagnostic_type', 'filename', 'title', 'caption']"
03_groundwater_storage_domain_mean_timeseries_2016.pdf,hydrology/groundwater_storage/03_groundwater_storage_domain_mean_timeseries_2016.pdf,21267,2026-07-05T16:47:41,ff5b61cf566eff58852402e93274749155f0c2ea2ae309cbdf34a9c0c958e77c,
02_groundwater_storage_differences_2016.pdf,hydrology/groundwater_storage/02_groundwater_storage_differences_2016.pdf,218475,2026-07-05T16:47:39,8c727e0faf8b9b166f0bc0938f199054e73cfa2d500b10db64c691b323ee5eb2,
01_groundwater_storage_annual_mean_2016.pdf,hydrology/groundwater_storage/01_groundwater_storage_annual_mean_2016.pdf,147015,2026-07-05T16:47:33,0d299e5702099bef944ac10d834025daec9f3ea2cf449d2a9629d1c1ea0ab22f,
groundwater_storage_domain_mean_timeseries_2016.png,hydrology/groundwater_storage/groundwater_storage_domain_mean_timeseries_2016.png,327631,2026-07-05T12:00:07,67bc10172412c213a4401d905b93976acb5fccb73d358a362db2a2e5f2bd533c,
groundwater_storage_differences_2016.json,hydrology/groundwater_storage/groundwater_storage_differences_2016.json,317,2026-07-05T12:00:06,3c9345339217dfde82af31d33c5beeba51c3bac39891f8ec7d9ebb01f538b76a,"['experiment', 'variable', 'diagnostic_type', 'filename', 'title', 'caption']"
03_groundwater_storage_domain_mean_timeseries_2016.png,hydrology/groundwater_storage/03_groundwater_storage_domain_mean_timeseries_2016.png,649232,2026-07-05T16:47:41,0ec5199ea39d055564bbc34e7301add2e2374e5fc248916e505d49cfd0a0ea2f,
02_groundwater_storage_differences_2016.png,hydrology/groundwater_storage/02_groundwater_storage_differences_2016.png,674512,2026-07-05T16:47:37,bf5387fd5db2cb2c454ee2f276b6ab383c4da803d4d603f90f454bcb64276547,
processing_log.yaml,hydrology/groundwater_storage/processing_log.yaml,1433,2026-07-05T16:47:41,11d2a0ec426dc33433b8c97cab1d1d8771f16e18f68c940ec4ccc871fdca9246,
resolved_config.yaml,hydrology/rootzone_soil_moisture/resolved_config.yaml,4465,2026-07-05T16:57:59,b3cda8a8909c3c16d0aff3fdad9da77e55c842701c074caec7612b04967e4e5e,
01_rootzone_soil_moisture_annual_mean_2016.pdf,hydrology/rootzone_soil_moisture/01_rootzone_soil_moisture_annual_mean_2016.pdf,142392,2026-07-05T16:57:50,2f6ce6816a5e1fa446f007a9c448a908fbd724ed01a17fdd635c752193ed397a,
rootzone_soil_moisture_domain_mean_timeseries_2016.png,hydrology/rootzone_soil_moisture/rootzone_soil_moisture_domain_mean_timeseries_2016.png,317434,2026-07-05T11:59:27,0f3d22e25dd5bf27959d22757557bb3633ebfb8f4224b66c2bfe03549dea895d,
rootzone_soil_moisture_differences_2016.png,hydrology/rootzone_soil_moisture/rootzone_soil_moisture_differences_2016.png,202208,2026-07-05T11:59:26,4ee5559c84f52a3d0123a1830281b6df61d24e73577b841fcf4cab33fb76a04d,
rootzone_soil_moisture_differences_2016.json,hydrology/rootzone_soil_moisture/rootzone_soil_moisture_differences_2016.json,331,2026-07-05T11:59:26,93656884f0dd2c088703f946c9d129e0a2d6a9a215e15aeedac4b74c6b5dec96,"['experiment', 'variable', 'diagnostic_type', 'filename', 'title', 'caption']"
rootzone_soil_moisture_domain_mean_timeseries_2016.json,hydrology/rootzone_soil_moisture/rootzone_soil_moisture_domain_mean_timeseries_2016.json,348,2026-07-05T11:59:27,759862617599ae95ca9e35bb24cb157ce4df0b5d1a1b817c0980cad418b0a04a,"['experiment', 'variable', 'diagnostic_type', 'filename', 'title', 'caption']"
rootzone_soil_moisture_annual_mean_2016.png,hydrology/rootzone_soil_moisture/rootzone_soil_moisture_annual_mean_2016.png,185070,2026-07-05T11:59:25,3f2be75d93b57d5ce6db7730a0a6cd05700cd9268985fdfd08cf55c213f141ff,
02_rootzone_soil_moisture_differences_2016.pdf,hydrology/rootzone_soil_moisture/02_rootzone_soil_moisture_differences_2016.pdf,166327,2026-07-05T16:57:57,b2281a09b30a5e0db935d7d0fb58b53c90a761c476672eb7c4e06862ace6e74e,
rootzone_soil_moisture_annual_mean_2016.json,hydrology/rootzone_soil_moisture/rootzone_soil_moisture_annual_mean_2016.json,333,2026-07-05T11:59:25,50212e8acd530523ef93a98d44c1eda3f7de3c753f2d95443ebd23ba00586724,"['experiment', 'variable', 'diagnostic_type', 'filename', 'title', 'caption']"
03_rootzone_soil_moisture_domain_mean_timeseries_2016.png,hydrology/rootzone_soil_moisture/03_rootzone_soil_moisture_domain_mean_timeseries_2016.png,812660,2026-07-05T16:57:58,ece0117cd3c4d660f29d951caa99314b750ce88eac756fe7fa60ba7cfa6966a1,
02_rootzone_soil_moisture_differences_2016.png,hydrology/rootzone_soil_moisture/02_rootzone_soil_moisture_differences_2016.png,660192,2026-07-05T16:57:54,1baa5ef1b797dba424534c9f2cbbe16c95c5d6b06fb8200427f48b82f21ee1db,
03_rootzone_soil_moisture_domain_mean_timeseries_2016.pdf,hydrology/rootzone_soil_moisture/03_rootzone_soil_moisture_domain_mean_timeseries_2016.pdf,29814,2026-07-05T16:57:59,01dea5838fec0d2a71ff585c56b8879f12dca21e45ce2b48182731feaa57fbc1,
01_rootzone_soil_moisture_annual_mean_2016.png,hydrology/rootzone_soil_moisture/01_rootzone_soil_moisture_annual_mean_2016.png,534527,2026-07-05T16:57:48,f8c74519f2c1cc29a971954e2258d041cbdff45a72ee9777b76dee58438dcbbe,
processing_log.yaml,hydrology/rootzone_soil_moisture/processing_log.yaml,1500,2026-07-05T16:57:59,8b42b38e676619d9519103491dc388002fd4f69eaaf544478f52240acbf9ec36,
water_table_depth_differences_2016.png,hydrology/water_table_depth/water_table_depth_differences_2016.png,209357,2026-07-05T12:01:23,67285ddaae71a94922cb85b646cefbcef4624047be25b504bf2a038e7e064984,
resolved_config.yaml,hydrology/water_table_depth/resolved_config.yaml,4353,2026-07-05T17:16:08,8497d2fb82f2480a8edff606a7781e7dba1a32dcb3053cb8d9cfc77bc5ae40a7,
water_table_depth_annual_mean_2016.json,hydrology/water_table_depth/water_table_depth_annual_mean_2016.json,311,2026-07-05T12:01:22,5c998b5ff08e9d733b24a7f8efa0ab9be8a98315c38620c9a97d2aeb911c334d,"['experiment', 'variable', 'diagnostic_type', 'filename', 'title', 'caption']"
01_water_table_depth_annual_mean_2016.png,hydrology/water_table_depth/01_water_table_depth_annual_mean_2016.png,469562,2026-07-05T17:15:57,9520a731449f5e4f10f1f0e561145d284f5069f1e3d5c68b68e3811367737428,
03_water_table_depth_domain_mean_timeseries_2016.png,hydrology/water_table_depth/03_water_table_depth_domain_mean_timeseries_2016.png,662850,2026-07-05T17:16:07,f6767be4be8caa107da655d796a17395ce51dc57c4d1a4d3235b78434f77139d,
03_water_table_depth_domain_mean_timeseries_2016.pdf,hydrology/water_table_depth/03_water_table_depth_domain_mean_timeseries_2016.pdf,20945,2026-07-05T17:16:08,d8d171a2cff9e6be779459a8f136bfbadab2334ef169974bfca2c5c5ff6571ff,
water_table_depth_differences_2016.json,hydrology/water_table_depth/water_table_depth_differences_2016.json,309,2026-07-05T12:01:23,8af172e8c36a508121d38c2dbfe752a23dac30fc24cd383f91359d1b6b2d965f,"['experiment', 'variable', 'diagnostic_type', 'filename', 'title', 'caption']"
water_table_depth_domain_mean_timeseries_2016.png,hydrology/water_table_depth/water_table_depth_domain_mean_timeseries_2016.png,226911,2026-07-05T12:01:23,a9ffc47ea5f40fe968b655a2968c8813240716d2730419f95fb42f056663c77a,
water_table_depth_annual_mean_2016.png,hydrology/water_table_depth/water_table_depth_annual_mean_2016.png,167268,2026-07-05T12:01:22,bb2a56d5f3ef5b47788e1eb2675abfa7b2f2cf51e7a1a8ddf9fadafad79c0014,
water_table_depth_domain_mean_timeseries_2016.json,hydrology/water_table_depth/water_table_depth_domain_mean_timeseries_2016.json,326,2026-07-05T12:01:23,bc7a53442d63a36d15b3122ed17d53eba7b3eabb937112f596055194c06ad31b,"['experiment', 'variable', 'diagnostic_type', 'filename', 'title', 'caption']"
01_water_table_depth_annual_mean_2016.pdf,hydrology/water_table_depth/01_water_table_depth_annual_mean_2016.pdf,121624,2026-07-05T17:15:59,2f27f09874c5323462494a59b9454e826865fc77e2c37d303a33fb8f5119d557,
02_water_table_depth_differences_2016.png,hydrology/water_table_depth/02_water_table_depth_differences_2016.png,652490,2026-07-05T17:16:03,a4f3c3b07433e15ac442f60a3b9cc9e8ca96197316d5f4351ab0e6848a984fbd,
02_water_table_depth_differences_2016.pdf,hydrology/water_table_depth/02_water_table_depth_differences_2016.pdf,180686,2026-07-05T17:16:05,779062df0a6f251b4b635f95ec0e93226684598960effa068e4b58173e72e9bd,
processing_log.yaml,hydrology/water_table_depth/processing_log.yaml,2620,2026-07-05T17:16:08,5b4a10d2ae4c756207e5aaea9655394bfb0c2868d6ca7d72262118caccc2870d,
01_total_runoff_annual_mean_2016.pdf,hydrology/total_runoff/01_total_runoff_annual_mean_2016.pdf,126846,2026-07-05T17:11:18,ee1a98163998c672c579f2d5a29f41ba2b261fd7edccec15360d651b58b2abd5,
resolved_config.yaml,hydrology/total_runoff/resolved_config.yaml,4420,2026-07-05T17:11:26,267b800226547ab7b6a5b6cc64b6f0f9ff22cccfd15ffcda3eae7c188282c732,
total_runoff_differences_2016.png,hydrology/total_runoff/total_runoff_differences_2016.png,177203,2026-07-05T12:00:34,6a6d063b0e0abc29bf42aa7766b55aa007653b735ba05dc39e86e961de77d61f,
02_total_runoff_differences_2016.pdf,hydrology/total_runoff/02_total_runoff_differences_2016.pdf,127662,2026-07-05T17:11:24,c599f1a932d2a508f51bc6a8f7c8232165f2cb87217c18e0249c8539885f7860,
total_runoff_domain_mean_timeseries_2016.png,hydrology/total_runoff/total_runoff_domain_mean_timeseries_2016.png,430157,2026-07-05T12:00:35,a88a684cd513bfc06a3890675c92260f09e0c5723f8097071799a3453fcae78f,
total_runoff_differences_2016.json,hydrology/total_runoff/total_runoff_differences_2016.json,289,2026-07-05T12:00:34,2a64dcd1fb3f0ce566a6a1aab0900b2597f7443da690487623284c8e71260b78,"['experiment', 'variable', 'diagnostic_type', 'filename', 'title', 'caption']"
total_runoff_domain_mean_timeseries_2016.json,hydrology/total_runoff/total_runoff_domain_mean_timeseries_2016.json,306,2026-07-05T12:00:35,31c74ba47fec7855a3023a47de97debb69baaccd9b662c59e53d801fe6b49aa1,"['experiment', 'variable', 'diagnostic_type', 'filename', 'title', 'caption']"
01_total_runoff_annual_mean_2016.png,hydrology/total_runoff/01_total_runoff_annual_mean_2016.png,471500,2026-07-05T17:11:15,8082fad14121dbb4e27f5282bb073c04917d41604af4d850a3c651e707385f3f,
total_runoff_annual_mean_2016.png,hydrology/total_runoff/total_runoff_annual_mean_2016.png,136651,2026-07-05T12:00:33,f87aa6d8dce64171e0d79f8f9e7849fbc9cfb472ec654d62075c43410d44c7bb,
total_runoff_annual_mean_2016.json,hydrology/total_runoff/total_runoff_annual_mean_2016.json,291,2026-07-05T12:00:33,18d122a845db74027a28b94f758cd7807c6046e49dcc7cf46bd8f5ff810ec918,"['experiment', 'variable', 'diagnostic_type', 'filename', 'title', 'caption']"
03_total_runoff_domain_mean_timeseries_2016.png,hydrology/total_runoff/03_total_runoff_domain_mean_timeseries_2016.png,978056,2026-07-05T17:11:26,a756c963f17791a91f163f92b0f8b4fda3a9451b98a0172aee6f9895617b6831,
03_total_runoff_domain_mean_timeseries_2016.pdf,hydrology/total_runoff/03_total_runoff_domain_mean_timeseries_2016.pdf,29176,2026-07-05T17:11:26,022e617d84f6f30d8c02c6a74e843d165bb2978f36014f6a3abcab1c4a116404,
02_total_runoff_differences_2016.png,hydrology/total_runoff/02_total_runoff_differences_2016.png,580190,2026-07-05T17:11:21,01df67d752b5f147e993118f8c13f6f9fa14ec2ccd78730cf65bf22cc852db3b,
processing_log.yaml,hydrology/total_runoff/processing_log.yaml,2715,2026-07-05T17:11:26,6cb6d59186c4c0344f4a763cd5ef7b223a1100a05de36deadd610c1056f75531,
resolved_config.yaml,hydrology/baseflow/resolved_config.yaml,4301,2026-07-05T16:23:32,359475a71472934a7840ebaf6152d7106dff2153b7da3b28dfcaead979d58480,
baseflow_differences_2016.json,hydrology/baseflow/baseflow_differences_2016.json,273,2026-07-05T12:01:06,93158a0f7866503c3ec555b352f4edfb8ff7b6b44b6c112c1c8132b5935b1c06,"['experiment', 'variable', 'diagnostic_type', 'filename', 'title', 'caption']"
baseflow_differences_2016.png,hydrology/baseflow/baseflow_differences_2016.png,177301,2026-07-05T12:01:06,86c8ce9dbca7581bc63de892acbf70cec0e4a445a88ad0bd9776dc810fd61325,
baseflow_annual_mean_2016.png,hydrology/baseflow/baseflow_annual_mean_2016.png,151629,2026-07-05T12:01:06,e771d2f642b299ea16baf0a25a64ac02b30dc5559fbff307aeacf1d91cee703e,
baseflow_domain_mean_timeseries_2016.json,hydrology/baseflow/baseflow_domain_mean_timeseries_2016.json,290,2026-07-05T12:01:07,6f2804008236317a4af0a16fb2fd96b38dd1fd2e67dbe576fcb670e1165cc0be,"['experiment', 'variable', 'diagnostic_type', 'filename', 'title', 'caption']"
03_baseflow_domain_mean_timeseries_2016.png,hydrology/baseflow/03_baseflow_domain_mean_timeseries_2016.png,521379,2026-07-05T16:23:31,90bface5fac08c7039aa01c07c1fa6d04791f8878c857be4c8e91d649282f4d9,
02_baseflow_differences_2016.pdf,hydrology/baseflow/02_baseflow_differences_2016.pdf,140954,2026-07-05T16:23:29,b4c7439a71931e903877092f00994f9553b2947de2e8101e3094ce5a20c20f15,
01_baseflow_annual_mean_2016.pdf,hydrology/baseflow/01_baseflow_annual_mean_2016.pdf,145404,2026-07-05T16:23:23,90469178dfd645d0f5c7b45f5840d8f43cde54b3c6d4e882ea43e1d165b16c61,
baseflow_domain_mean_timeseries_2016.png,hydrology/baseflow/baseflow_domain_mean_timeseries_2016.png,178320,2026-07-05T12:01:07,d8d91b51d1bff367b1808390a8c6d3ccaff84a1d3e7ff7486d6d3821488a7630,
02_baseflow_differences_2016.png,hydrology/baseflow/02_baseflow_differences_2016.png,585199,2026-07-05T16:23:27,487859adbecebe097b70668ba5b311ba8dfef3941bb7a0060d1107d63ce2355f,
baseflow_annual_mean_2016.json,hydrology/baseflow/baseflow_annual_mean_2016.json,275,2026-07-05T12:01:06,04ca21cb932fd2c02224e25168dec56036271e1ca2a839714853ab2b72a85f23,"['experiment', 'variable', 'diagnostic_type', 'filename', 'title', 'caption']"
01_baseflow_annual_mean_2016.png,hydrology/baseflow/01_baseflow_annual_mean_2016.png,513669,2026-07-05T16:23:21,fe04746e3dd07f090a4072ef527e471c09b6a510062d9837e7ab6d23b13141ce,
03_baseflow_domain_mean_timeseries_2016.pdf,hydrology/baseflow/03_baseflow_domain_mean_timeseries_2016.pdf,21749,2026-07-05T16:23:32,67bb3619224ee0aa867669ac91b19c4deb3115bfbc5f69120ff43211ce41897f,
processing_log.yaml,hydrology/baseflow/processing_log.yaml,1165,2026-07-05T16:23:32,646574b94d8d1119b6a145f1a248ef9478dfa75df48b1c9f644476b34a6af678,
evapotranspiration_domain_mean_timeseries_2016.json,hydrology/evapotranspiration/evapotranspiration_domain_mean_timeseries_2016.json,330,2026-07-05T11:59:51,7918a7f0e3e627c976cbbcd5f5ca7ac43c84b6184da3b2cdb0a09c5e5f518ead,"['experiment', 'variable', 'diagnostic_type', 'filename', 'title', 'caption']"
resolved_config.yaml,hydrology/evapotranspiration/resolved_config.yaml,4111,2026-07-05T16:37:31,412d5f6211d60d5a047df7a09b5d8430c2705473ae6511b61b5d55cf9d65a338,
evapotranspiration_domain_mean_timeseries_2016.png,hydrology/evapotranspiration/evapotranspiration_domain_mean_timeseries_2016.png,515568,2026-07-05T11:59:51,e872d5f312e8ad52c1dfb6cda0c2fcc232873b1f60295dec4941dc1f4150641f,
evapotranspiration_differences_2016.json,hydrology/evapotranspiration/evapotranspiration_differences_2016.json,313,2026-07-05T11:59:51,aee748bb0e44050d68787adf0b7880cf7846fdff8b50cbe3988dee5fea50790f,"['experiment', 'variable', 'diagnostic_type', 'filename', 'title', 'caption']"
02_evapotranspiration_differences_2016.png,hydrology/evapotranspiration/02_evapotranspiration_differences_2016.png,592977,2026-07-05T16:37:26,70591553ecbb2f104c27df14a4b7e004c1210e2a297edc7b30438b7871cc28c9,
evapotranspiration_differences_2016.png,hydrology/evapotranspiration/evapotranspiration_differences_2016.png,200705,2026-07-05T11:59:51,56376f913f76f2b7de3186cade6a64d003cc68cd046fc1d0c7de39dbd2cc5203,
03_evapotranspiration_domain_mean_timeseries_2016.pdf,hydrology/evapotranspiration/03_evapotranspiration_domain_mean_timeseries_2016.pdf,32140,2026-07-05T16:37:31,5e8f4f75fc03026907fd1d9df72dce261908761411569c1f7a32feb967116957,
03_evapotranspiration_domain_mean_timeseries_2016.png,hydrology/evapotranspiration/03_evapotranspiration_domain_mean_timeseries_2016.png,976121,2026-07-05T16:37:30,cac5c5f1106e1b283a2b6afa5b338614700a0a3331d624188871aa99ea329b22,
01_evapotranspiration_annual_mean_2016.png,hydrology/evapotranspiration/01_evapotranspiration_annual_mean_2016.png,475488,2026-07-05T16:37:20,d277c7b39a468aea72c5a6936eafec27d2014d4ca15cc2bfcfafa64860f05354,
evapotranspiration_annual_mean_2016.json,hydrology/evapotranspiration/evapotranspiration_annual_mean_2016.json,315,2026-07-05T11:59:50,c549fe0d39cd2b8535b40a777ec2c03be8a52cdc5e016b919916b3941b121531,"['experiment', 'variable', 'diagnostic_type', 'filename', 'title', 'caption']"
02_evapotranspiration_differences_2016.pdf,hydrology/evapotranspiration/02_evapotranspiration_differences_2016.pdf,135175,2026-07-05T16:37:29,3e95f8fdf22f9570c1005fa174107f88ca1df9b862b8a74a1d70fc160da8e077,
01_evapotranspiration_annual_mean_2016.pdf,hydrology/evapotranspiration/01_evapotranspiration_annual_mean_2016.pdf,118287,2026-07-05T16:37:23,72440b7abff9c7af406da75e8ba562ad91bb8c6908fdc6e18e3128436510fdb1,
evapotranspiration_annual_mean_2016.png,hydrology/evapotranspiration/evapotranspiration_annual_mean_2016.png,147293,2026-07-05T11:59:50,084636f2620e09ded88908713542d69bccfbcb977975f8caa6a81f92aaf12575,
processing_log.yaml,hydrology/evapotranspiration/processing_log.yaml,1132,2026-07-05T16:37:31,4f284704bd307e25526de7b61e01a92f984e8a8f69d9b9b37f4f1dba5206f85c,
01_domain_sebou_saiss_abhs.png,domain/01_domain_sebou_saiss_abhs.png,89641,2026-07-05T19:09:24,e62dbee2691164fdc9ecd6e2eeaddae9e79994fccc63a32e262f77d7aa3ae3ff,
Fig0_c_topography.png,domain/Fig0_c_topography.png,327957,2026-07-05T19:13:22,7979c8faddeca4b35f3408170bfb63ed84b7fbcb89dda941b5c58f615d62ec21,
Fig0_b_soil_texture.png,domain/Fig0_b_soil_texture.png,297225,2026-07-05T19:13:24,7a4bdcffa29d81c487652eb21701433846e74d0980aa674e5790513918c1a57f,
Fig0_d_basins_and_insitudata.png,domain/Fig0_d_basins_and_insitudata.png,577462,2026-07-05T19:13:29,cdd924064aac75c0a0401fa8451861196421acb89ebb17485c11f76274e6c177,
Fig0_a_landcover.png,domain/Fig0_a_landcover.png,403318,2026-07-05T19:13:23,9864a9e960ca5be6996d1fc1625619895bf05c77999345e9b83abbb680090204,
