source_path,archive_path,category,used_by_baseline,used_by_independent_ob_validation,reason,restore_command
scripts/job_postproc_2016.sh,_ARCHIVE_TO_REVIEW_AFTER_CLEANUP_20260712/scripts/job_postproc_2016.sh,ARCHIVE_UNUSED,no,no,Not in active set,mkdir -p $(dirname scripts/job_postproc_2016.sh) && mv _ARCHIVE_TO_REVIEW_AFTER_CLEANUP_20260712/scripts/job_postproc_2016.sh scripts/job_postproc_2016.sh
scripts/run_hydrology_postproc.py,_ARCHIVE_TO_REVIEW_AFTER_CLEANUP_20260712/scripts/run_hydrology_postproc.py,ARCHIVE_UNUSED,no,no,Not in active set,mkdir -p $(dirname scripts/run_hydrology_postproc.py) && mv _ARCHIVE_TO_REVIEW_AFTER_CLEANUP_20260712/scripts/run_hydrology_postproc.py scripts/run_hydrology_postproc.py
configs/recipes/opl_vs_smap_vs_lai_vs_joint_2016.yaml,_ARCHIVE_TO_REVIEW_AFTER_CLEANUP_20260712/configs/recipes/opl_vs_smap_vs_lai_vs_joint_2016.yaml,ARCHIVE_OBSOLETE_PIPELINE,no,no,Not in active set,mkdir -p $(dirname configs/recipes/opl_vs_smap_vs_lai_vs_joint_2016.yaml) && mv _ARCHIVE_TO_REVIEW_AFTER_CLEANUP_20260712/configs/recipes/opl_vs_smap_vs_lai_vs_joint_2016.yaml configs/recipes/opl_vs_smap_vs_lai_vs_joint_2016.yaml
configs/recipes/opl_vs_smap_da_2016.yaml,_ARCHIVE_TO_REVIEW_AFTER_CLEANUP_20260712/configs/recipes/opl_vs_smap_da_2016.yaml,ARCHIVE_OBSOLETE_PIPELINE,no,no,Not in active set,mkdir -p $(dirname configs/recipes/opl_vs_smap_da_2016.yaml) && mv _ARCHIVE_TO_REVIEW_AFTER_CLEANUP_20260712/configs/recipes/opl_vs_smap_da_2016.yaml configs/recipes/opl_vs_smap_da_2016.yaml
configs/recipes/opl_vs_smap_vs_lai_2016.yaml,_ARCHIVE_TO_REVIEW_AFTER_CLEANUP_20260712/configs/recipes/opl_vs_smap_vs_lai_2016.yaml,ARCHIVE_OBSOLETE_PIPELINE,no,no,Not in active set,mkdir -p $(dirname configs/recipes/opl_vs_smap_vs_lai_2016.yaml) && mv _ARCHIVE_TO_REVIEW_AFTER_CLEANUP_20260712/configs/recipes/opl_vs_smap_vs_lai_2016.yaml configs/recipes/opl_vs_smap_vs_lai_2016.yaml
configs/recipes/only_opl_2016.yaml,_ARCHIVE_TO_REVIEW_AFTER_CLEANUP_20260712/configs/recipes/only_opl_2016.yaml,ARCHIVE_OBSOLETE_PIPELINE,no,no,Not in active set,mkdir -p $(dirname configs/recipes/only_opl_2016.yaml) && mv _ARCHIVE_TO_REVIEW_AFTER_CLEANUP_20260712/configs/recipes/only_opl_2016.yaml configs/recipes/only_opl_2016.yaml
configs/recipes/opl_vs_lai_da_2016.yaml,_ARCHIVE_TO_REVIEW_AFTER_CLEANUP_20260712/configs/recipes/opl_vs_lai_da_2016.yaml,ARCHIVE_OBSOLETE_PIPELINE,no,no,Not in active set,mkdir -p $(dirname configs/recipes/opl_vs_lai_da_2016.yaml) && mv _ARCHIVE_TO_REVIEW_AFTER_CLEANUP_20260712/configs/recipes/opl_vs_lai_da_2016.yaml configs/recipes/opl_vs_lai_da_2016.yaml
src/run_postproc.py,_ARCHIVE_TO_REVIEW_AFTER_CLEANUP_20260712/src/run_postproc.py,ARCHIVE_UNUSED,no,no,Not in active set,mkdir -p $(dirname src/run_postproc.py) && mv _ARCHIVE_TO_REVIEW_AFTER_CLEANUP_20260712/src/run_postproc.py src/run_postproc.py
src/job_postproc_2016.sh,_ARCHIVE_TO_REVIEW_AFTER_CLEANUP_20260712/src/job_postproc_2016.sh,ARCHIVE_UNUSED,no,no,Not in active set,mkdir -p $(dirname src/job_postproc_2016.sh) && mv _ARCHIVE_TO_REVIEW_AFTER_CLEANUP_20260712/src/job_postproc_2016.sh src/job_postproc_2016.sh
src/job_opl_multiple_da.sh,_ARCHIVE_TO_REVIEW_AFTER_CLEANUP_20260712/src/job_opl_multiple_da.sh,ARCHIVE_UNUSED,no,no,Not in active set,mkdir -p $(dirname src/job_opl_multiple_da.sh) && mv _ARCHIVE_TO_REVIEW_AFTER_CLEANUP_20260712/src/job_opl_multiple_da.sh src/job_opl_multiple_da.sh
src/runoff_partitioning/README.md,_ARCHIVE_TO_REVIEW_AFTER_CLEANUP_20260712/src/runoff_partitioning/README.md,ARCHIVE_OBSOLETE_PIPELINE,no,no,Not in active set,mkdir -p $(dirname src/runoff_partitioning/README.md) && mv _ARCHIVE_TO_REVIEW_AFTER_CLEANUP_20260712/src/runoff_partitioning/README.md src/runoff_partitioning/README.md
src/runoff_partitioning/plot_runoff_timeseries.py,_ARCHIVE_TO_REVIEW_AFTER_CLEANUP_20260712/src/runoff_partitioning/plot_runoff_timeseries.py,ARCHIVE_OBSOLETE_PIPELINE,no,no,Not in active set,mkdir -p $(dirname src/runoff_partitioning/plot_runoff_timeseries.py) && mv _ARCHIVE_TO_REVIEW_AFTER_CLEANUP_20260712/src/runoff_partitioning/plot_runoff_timeseries.py src/runoff_partitioning/plot_runoff_timeseries.py
src/runoff_partitioning/main.py,_ARCHIVE_TO_REVIEW_AFTER_CLEANUP_20260712/src/runoff_partitioning/main.py,ARCHIVE_OBSOLETE_PIPELINE,no,no,Not in active set,mkdir -p $(dirname src/runoff_partitioning/main.py) && mv _ARCHIVE_TO_REVIEW_AFTER_CLEANUP_20260712/src/runoff_partitioning/main.py src/runoff_partitioning/main.py
src/runoff_partitioning/config_runoff_partitioning.yaml,_ARCHIVE_TO_REVIEW_AFTER_CLEANUP_20260712/src/runoff_partitioning/config_runoff_partitioning.yaml,ARCHIVE_OBSOLETE_PIPELINE,no,no,Not in active set,mkdir -p $(dirname src/runoff_partitioning/config_runoff_partitioning.yaml) && mv _ARCHIVE_TO_REVIEW_AFTER_CLEANUP_20260712/src/runoff_partitioning/config_runoff_partitioning.yaml src/runoff_partitioning/config_runoff_partitioning.yaml
src/runoff_partitioning/job_runoff_partitioning.sh,_ARCHIVE_TO_REVIEW_AFTER_CLEANUP_20260712/src/runoff_partitioning/job_runoff_partitioning.sh,ARCHIVE_OBSOLETE_PIPELINE,no,no,Not in active set,mkdir -p $(dirname src/runoff_partitioning/job_runoff_partitioning.sh) && mv _ARCHIVE_TO_REVIEW_AFTER_CLEANUP_20260712/src/runoff_partitioning/job_runoff_partitioning.sh src/runoff_partitioning/job_runoff_partitioning.sh
src/hymap_validation/README.md,_ARCHIVE_TO_REVIEW_AFTER_CLEANUP_20260712/src/hymap_validation/README.md,ARCHIVE_UNUSED,no,no,Not in active set,mkdir -p $(dirname src/hymap_validation/README.md) && mv _ARCHIVE_TO_REVIEW_AFTER_CLEANUP_20260712/src/hymap_validation/README.md src/hymap_validation/README.md
src/hymap_validation/config_hymap_validation.yaml,_ARCHIVE_TO_REVIEW_AFTER_CLEANUP_20260712/src/hymap_validation/config_hymap_validation.yaml,ARCHIVE_UNUSED,no,no,Not in active set,mkdir -p $(dirname src/hymap_validation/config_hymap_validation.yaml) && mv _ARCHIVE_TO_REVIEW_AFTER_CLEANUP_20260712/src/hymap_validation/config_hymap_validation.yaml src/hymap_validation/config_hymap_validation.yaml
src/hymap_validation/job_hymap_validation.sh,_ARCHIVE_TO_REVIEW_AFTER_CLEANUP_20260712/src/hymap_validation/job_hymap_validation.sh,ARCHIVE_UNUSED,no,no,Not in active set,mkdir -p $(dirname src/hymap_validation/job_hymap_validation.sh) && mv _ARCHIVE_TO_REVIEW_AFTER_CLEANUP_20260712/src/hymap_validation/job_hymap_validation.sh src/hymap_validation/job_hymap_validation.sh
src/hymap_validation/main.py,_ARCHIVE_TO_REVIEW_AFTER_CLEANUP_20260712/src/hymap_validation/main.py,ARCHIVE_UNUSED,no,no,Not in active set,mkdir -p $(dirname src/hymap_validation/main.py) && mv _ARCHIVE_TO_REVIEW_AFTER_CLEANUP_20260712/src/hymap_validation/main.py src/hymap_validation/main.py
src/hymap_validation/plot_hydrographs.py,_ARCHIVE_TO_REVIEW_AFTER_CLEANUP_20260712/src/hymap_validation/plot_hydrographs.py,ARCHIVE_UNUSED,no,no,Not in active set,mkdir -p $(dirname src/hymap_validation/plot_hydrographs.py) && mv _ARCHIVE_TO_REVIEW_AFTER_CLEANUP_20260712/src/hymap_validation/plot_hydrographs.py src/hymap_validation/plot_hydrographs.py
src/opl_vs_da/README.md,_ARCHIVE_TO_REVIEW_AFTER_CLEANUP_20260712/src/opl_vs_da/README.md,ARCHIVE_UNUSED,no,no,Not in active set,mkdir -p $(dirname src/opl_vs_da/README.md) && mv _ARCHIVE_TO_REVIEW_AFTER_CLEANUP_20260712/src/opl_vs_da/README.md src/opl_vs_da/README.md
src/opl_vs_da/job_opl_vs_da.sh,_ARCHIVE_TO_REVIEW_AFTER_CLEANUP_20260712/src/opl_vs_da/job_opl_vs_da.sh,ARCHIVE_UNUSED,no,no,Not in active set,mkdir -p $(dirname src/opl_vs_da/job_opl_vs_da.sh) && mv _ARCHIVE_TO_REVIEW_AFTER_CLEANUP_20260712/src/opl_vs_da/job_opl_vs_da.sh src/opl_vs_da/job_opl_vs_da.sh
src/opl_vs_da/config_opl_vs_da.yaml,_ARCHIVE_TO_REVIEW_AFTER_CLEANUP_20260712/src/opl_vs_da/config_opl_vs_da.yaml,ARCHIVE_UNUSED,no,no,Not in active set,mkdir -p $(dirname src/opl_vs_da/config_opl_vs_da.yaml) && mv _ARCHIVE_TO_REVIEW_AFTER_CLEANUP_20260712/src/opl_vs_da/config_opl_vs_da.yaml src/opl_vs_da/config_opl_vs_da.yaml
src/opl_vs_da/main.py,_ARCHIVE_TO_REVIEW_AFTER_CLEANUP_20260712/src/opl_vs_da/main.py,ARCHIVE_UNUSED,no,no,Not in active set,mkdir -p $(dirname src/opl_vs_da/main.py) && mv _ARCHIVE_TO_REVIEW_AFTER_CLEANUP_20260712/src/opl_vs_da/main.py src/opl_vs_da/main.py
src/opl_vs_da/plot_basin_timeseries.py,_ARCHIVE_TO_REVIEW_AFTER_CLEANUP_20260712/src/opl_vs_da/plot_basin_timeseries.py,ARCHIVE_UNUSED,no,no,Not in active set,mkdir -p $(dirname src/opl_vs_da/plot_basin_timeseries.py) && mv _ARCHIVE_TO_REVIEW_AFTER_CLEANUP_20260712/src/opl_vs_da/plot_basin_timeseries.py src/opl_vs_da/plot_basin_timeseries.py
src/logs/opl_multiple_da_7270751.err,_ARCHIVE_TO_REVIEW_AFTER_CLEANUP_20260712/src/logs/opl_multiple_da_7270751.err,ARCHIVE_UNUSED,no,no,Not in active set,mkdir -p $(dirname src/logs/opl_multiple_da_7270751.err) && mv _ARCHIVE_TO_REVIEW_AFTER_CLEANUP_20260712/src/logs/opl_multiple_da_7270751.err src/logs/opl_multiple_da_7270751.err
src/logs/opl_multiple_da_7270751.out,_ARCHIVE_TO_REVIEW_AFTER_CLEANUP_20260712/src/logs/opl_multiple_da_7270751.out,ARCHIVE_UNUSED,no,no,Not in active set,mkdir -p $(dirname src/logs/opl_multiple_da_7270751.out) && mv _ARCHIVE_TO_REVIEW_AFTER_CLEANUP_20260712/src/logs/opl_multiple_da_7270751.out src/logs/opl_multiple_da_7270751.out
src/figure_export/README.md,_ARCHIVE_TO_REVIEW_AFTER_CLEANUP_20260712/src/figure_export/README.md,ARCHIVE_UNUSED,no,no,Not in active set,mkdir -p $(dirname src/figure_export/README.md) && mv _ARCHIVE_TO_REVIEW_AFTER_CLEANUP_20260712/src/figure_export/README.md src/figure_export/README.md
src/figure_export/config_figure_export.yaml,_ARCHIVE_TO_REVIEW_AFTER_CLEANUP_20260712/src/figure_export/config_figure_export.yaml,ARCHIVE_UNUSED,no,no,Not in active set,mkdir -p $(dirname src/figure_export/config_figure_export.yaml) && mv _ARCHIVE_TO_REVIEW_AFTER_CLEANUP_20260712/src/figure_export/config_figure_export.yaml src/figure_export/config_figure_export.yaml
src/figure_export/main.py,_ARCHIVE_TO_REVIEW_AFTER_CLEANUP_20260712/src/figure_export/main.py,ARCHIVE_UNUSED,no,no,Not in active set,mkdir -p $(dirname src/figure_export/main.py) && mv _ARCHIVE_TO_REVIEW_AFTER_CLEANUP_20260712/src/figure_export/main.py src/figure_export/main.py
src/figure_export/ahmad_2016_manifest.yaml,_ARCHIVE_TO_REVIEW_AFTER_CLEANUP_20260712/src/figure_export/ahmad_2016_manifest.yaml,ARCHIVE_UNUSED,no,no,Not in active set,mkdir -p $(dirname src/figure_export/ahmad_2016_manifest.yaml) && mv _ARCHIVE_TO_REVIEW_AFTER_CLEANUP_20260712/src/figure_export/ahmad_2016_manifest.yaml src/figure_export/ahmad_2016_manifest.yaml
src/figure_export/job_export_ahmad_2016.sh,_ARCHIVE_TO_REVIEW_AFTER_CLEANUP_20260712/src/figure_export/job_export_ahmad_2016.sh,ARCHIVE_UNUSED,no,no,Not in active set,mkdir -p $(dirname src/figure_export/job_export_ahmad_2016.sh) && mv _ARCHIVE_TO_REVIEW_AFTER_CLEANUP_20260712/src/figure_export/job_export_ahmad_2016.sh src/figure_export/job_export_ahmad_2016.sh
src/external_validation/evaluate_streamflow.py,_ARCHIVE_TO_REVIEW_AFTER_CLEANUP_20260712/src/external_validation/evaluate_streamflow.py,ARCHIVE_UNUSED,no,no,Not in active set,mkdir -p $(dirname src/external_validation/evaluate_streamflow.py) && mv _ARCHIVE_TO_REVIEW_AFTER_CLEANUP_20260712/src/external_validation/evaluate_streamflow.py src/external_validation/evaluate_streamflow.py
src/external_validation/evaluate_extremes.py,_ARCHIVE_TO_REVIEW_AFTER_CLEANUP_20260712/src/external_validation/evaluate_extremes.py,ARCHIVE_UNUSED,no,no,Not in active set,mkdir -p $(dirname src/external_validation/evaluate_extremes.py) && mv _ARCHIVE_TO_REVIEW_AFTER_CLEANUP_20260712/src/external_validation/evaluate_extremes.py src/external_validation/evaluate_extremes.py
src/external_validation/config_external_validation.yaml,_ARCHIVE_TO_REVIEW_AFTER_CLEANUP_20260712/src/external_validation/config_external_validation.yaml,ARCHIVE_UNUSED,no,no,Not in active set,mkdir -p $(dirname src/external_validation/config_external_validation.yaml) && mv _ARCHIVE_TO_REVIEW_AFTER_CLEANUP_20260712/src/external_validation/config_external_validation.yaml src/external_validation/config_external_validation.yaml
src/external_validation/README.md,_ARCHIVE_TO_REVIEW_AFTER_CLEANUP_20260712/src/external_validation/README.md,ARCHIVE_UNUSED,no,no,Not in active set,mkdir -p $(dirname src/external_validation/README.md) && mv _ARCHIVE_TO_REVIEW_AFTER_CLEANUP_20260712/src/external_validation/README.md src/external_validation/README.md
src/external_validation/config.py,_ARCHIVE_TO_REVIEW_AFTER_CLEANUP_20260712/src/external_validation/config.py,ARCHIVE_UNUSED,no,no,Not in active set,mkdir -p $(dirname src/external_validation/config.py) && mv _ARCHIVE_TO_REVIEW_AFTER_CLEANUP_20260712/src/external_validation/config.py src/external_validation/config.py
src/external_validation/evaluate_gldas.py,_ARCHIVE_TO_REVIEW_AFTER_CLEANUP_20260712/src/external_validation/evaluate_gldas.py,ARCHIVE_UNUSED,no,no,Not in active set,mkdir -p $(dirname src/external_validation/evaluate_gldas.py) && mv _ARCHIVE_TO_REVIEW_AFTER_CLEANUP_20260712/src/external_validation/evaluate_gldas.py src/external_validation/evaluate_gldas.py
src/external_validation/lai_anomalies.py,_ARCHIVE_TO_REVIEW_AFTER_CLEANUP_20260712/src/external_validation/lai_anomalies.py,ARCHIVE_UNUSED,no,no,Not in active set,mkdir -p $(dirname src/external_validation/lai_anomalies.py) && mv _ARCHIVE_TO_REVIEW_AFTER_CLEANUP_20260712/src/external_validation/lai_anomalies.py src/external_validation/lai_anomalies.py
src/external_validation/plot_time_series.py,_ARCHIVE_TO_REVIEW_AFTER_CLEANUP_20260712/src/external_validation/plot_time_series.py,ARCHIVE_UNUSED,no,no,Not in active set,mkdir -p $(dirname src/external_validation/plot_time_series.py) && mv _ARCHIVE_TO_REVIEW_AFTER_CLEANUP_20260712/src/external_validation/plot_time_series.py src/external_validation/plot_time_series.py
src/external_validation/plot_spatial_maps.py,_ARCHIVE_TO_REVIEW_AFTER_CLEANUP_20260712/src/external_validation/plot_spatial_maps.py,ARCHIVE_UNUSED,no,no,Not in active set,mkdir -p $(dirname src/external_validation/plot_spatial_maps.py) && mv _ARCHIVE_TO_REVIEW_AFTER_CLEANUP_20260712/src/external_validation/plot_spatial_maps.py src/external_validation/plot_spatial_maps.py
src/external_validation/job_external_validation.sh,_ARCHIVE_TO_REVIEW_AFTER_CLEANUP_20260712/src/external_validation/job_external_validation.sh,ARCHIVE_UNUSED,no,no,Not in active set,mkdir -p $(dirname src/external_validation/job_external_validation.sh) && mv _ARCHIVE_TO_REVIEW_AFTER_CLEANUP_20260712/src/external_validation/job_external_validation.sh src/external_validation/job_external_validation.sh
src/external_validation/correlations.py,_ARCHIVE_TO_REVIEW_AFTER_CLEANUP_20260712/src/external_validation/correlations.py,ARCHIVE_UNUSED,no,no,Not in active set,mkdir -p $(dirname src/external_validation/correlations.py) && mv _ARCHIVE_TO_REVIEW_AFTER_CLEANUP_20260712/src/external_validation/correlations.py src/external_validation/correlations.py
src/external_validation/evaluate_ecosystems.py,_ARCHIVE_TO_REVIEW_AFTER_CLEANUP_20260712/src/external_validation/evaluate_ecosystems.py,ARCHIVE_UNUSED,no,no,Not in active set,mkdir -p $(dirname src/external_validation/evaluate_ecosystems.py) && mv _ARCHIVE_TO_REVIEW_AFTER_CLEANUP_20260712/src/external_validation/evaluate_ecosystems.py src/external_validation/evaluate_ecosystems.py
src/external_validation/main.py,_ARCHIVE_TO_REVIEW_AFTER_CLEANUP_20260712/src/external_validation/main.py,ARCHIVE_UNUSED,no,no,Not in active set,mkdir -p $(dirname src/external_validation/main.py) && mv _ARCHIVE_TO_REVIEW_AFTER_CLEANUP_20260712/src/external_validation/main.py src/external_validation/main.py
src/external_validation/landcover_statistics.py,_ARCHIVE_TO_REVIEW_AFTER_CLEANUP_20260712/src/external_validation/landcover_statistics.py,ARCHIVE_UNUSED,no,no,Not in active set,mkdir -p $(dirname src/external_validation/landcover_statistics.py) && mv _ARCHIVE_TO_REVIEW_AFTER_CLEANUP_20260712/src/external_validation/landcover_statistics.py src/external_validation/landcover_statistics.py
src/external_validation/logs/ext_val_7270407.err,_ARCHIVE_TO_REVIEW_AFTER_CLEANUP_20260712/src/external_validation/logs/ext_val_7270407.err,ARCHIVE_UNUSED,no,no,Not in active set,mkdir -p $(dirname src/external_validation/logs/ext_val_7270407.err) && mv _ARCHIVE_TO_REVIEW_AFTER_CLEANUP_20260712/src/external_validation/logs/ext_val_7270407.err src/external_validation/logs/ext_val_7270407.err
src/external_validation/logs/ext_val_7270405.out,_ARCHIVE_TO_REVIEW_AFTER_CLEANUP_20260712/src/external_validation/logs/ext_val_7270405.out,ARCHIVE_UNUSED,no,no,Not in active set,mkdir -p $(dirname src/external_validation/logs/ext_val_7270405.out) && mv _ARCHIVE_TO_REVIEW_AFTER_CLEANUP_20260712/src/external_validation/logs/ext_val_7270405.out src/external_validation/logs/ext_val_7270405.out
src/external_validation/logs/ext_val_7270404.out,_ARCHIVE_TO_REVIEW_AFTER_CLEANUP_20260712/src/external_validation/logs/ext_val_7270404.out,ARCHIVE_UNUSED,no,no,Not in active set,mkdir -p $(dirname src/external_validation/logs/ext_val_7270404.out) && mv _ARCHIVE_TO_REVIEW_AFTER_CLEANUP_20260712/src/external_validation/logs/ext_val_7270404.out src/external_validation/logs/ext_val_7270404.out
src/external_validation/logs/ext_val_7270401.out,_ARCHIVE_TO_REVIEW_AFTER_CLEANUP_20260712/src/external_validation/logs/ext_val_7270401.out,ARCHIVE_UNUSED,no,no,Not in active set,mkdir -p $(dirname src/external_validation/logs/ext_val_7270401.out) && mv _ARCHIVE_TO_REVIEW_AFTER_CLEANUP_20260712/src/external_validation/logs/ext_val_7270401.out src/external_validation/logs/ext_val_7270401.out
src/external_validation/logs/ext_val_7270405.err,_ARCHIVE_TO_REVIEW_AFTER_CLEANUP_20260712/src/external_validation/logs/ext_val_7270405.err,ARCHIVE_UNUSED,no,no,Not in active set,mkdir -p $(dirname src/external_validation/logs/ext_val_7270405.err) && mv _ARCHIVE_TO_REVIEW_AFTER_CLEANUP_20260712/src/external_validation/logs/ext_val_7270405.err src/external_validation/logs/ext_val_7270405.err
src/external_validation/logs/ext_val_7270401.err,_ARCHIVE_TO_REVIEW_AFTER_CLEANUP_20260712/src/external_validation/logs/ext_val_7270401.err,ARCHIVE_UNUSED,no,no,Not in active set,mkdir -p $(dirname src/external_validation/logs/ext_val_7270401.err) && mv _ARCHIVE_TO_REVIEW_AFTER_CLEANUP_20260712/src/external_validation/logs/ext_val_7270401.err src/external_validation/logs/ext_val_7270401.err
src/external_validation/logs/ext_val_7270407.out,_ARCHIVE_TO_REVIEW_AFTER_CLEANUP_20260712/src/external_validation/logs/ext_val_7270407.out,ARCHIVE_UNUSED,no,no,Not in active set,mkdir -p $(dirname src/external_validation/logs/ext_val_7270407.out) && mv _ARCHIVE_TO_REVIEW_AFTER_CLEANUP_20260712/src/external_validation/logs/ext_val_7270407.out src/external_validation/logs/ext_val_7270407.out
src/external_validation/logs/ext_val_7270404.err,_ARCHIVE_TO_REVIEW_AFTER_CLEANUP_20260712/src/external_validation/logs/ext_val_7270404.err,ARCHIVE_UNUSED,no,no,Not in active set,mkdir -p $(dirname src/external_validation/logs/ext_val_7270404.err) && mv _ARCHIVE_TO_REVIEW_AFTER_CLEANUP_20260712/src/external_validation/logs/ext_val_7270404.err src/external_validation/logs/ext_val_7270404.err
src/paper_reproductions/__init__.py,_ARCHIVE_TO_REVIEW_AFTER_CLEANUP_20260712/src/paper_reproductions/__init__.py,ARCHIVE_UNUSED,no,no,Not in active set,mkdir -p $(dirname src/paper_reproductions/__init__.py) && mv _ARCHIVE_TO_REVIEW_AFTER_CLEANUP_20260712/src/paper_reproductions/__init__.py src/paper_reproductions/__init__.py
src/paper_reproductions/nie2022/fig08_drought_area_timeseries.py,_ARCHIVE_TO_REVIEW_AFTER_CLEANUP_20260712/src/paper_reproductions/nie2022/fig08_drought_area_timeseries.py,ARCHIVE_UNUSED,no,no,Not in active set,mkdir -p $(dirname src/paper_reproductions/nie2022/fig08_drought_area_timeseries.py) && mv _ARCHIVE_TO_REVIEW_AFTER_CLEANUP_20260712/src/paper_reproductions/nie2022/fig08_drought_area_timeseries.py src/paper_reproductions/nie2022/fig08_drought_area_timeseries.py
src/paper_reproductions/nie2022/fig10_lai_anomaly_maps.py,_ARCHIVE_TO_REVIEW_AFTER_CLEANUP_20260712/src/paper_reproductions/nie2022/fig10_lai_anomaly_maps.py,ARCHIVE_UNUSED,no,no,Not in active set,mkdir -p $(dirname src/paper_reproductions/nie2022/fig10_lai_anomaly_maps.py) && mv _ARCHIVE_TO_REVIEW_AFTER_CLEANUP_20260712/src/paper_reproductions/nie2022/fig10_lai_anomaly_maps.py src/paper_reproductions/nie2022/fig10_lai_anomaly_maps.py
src/paper_reproductions/nie2022/fig02_flux_correlation_maps.py,_ARCHIVE_TO_REVIEW_AFTER_CLEANUP_20260712/src/paper_reproductions/nie2022/fig02_flux_correlation_maps.py,ARCHIVE_UNUSED,no,no,Not in active set,mkdir -p $(dirname src/paper_reproductions/nie2022/fig02_flux_correlation_maps.py) && mv _ARCHIVE_TO_REVIEW_AFTER_CLEANUP_20260712/src/paper_reproductions/nie2022/fig02_flux_correlation_maps.py src/paper_reproductions/nie2022/fig02_flux_correlation_maps.py
src/paper_reproductions/nie2022/fig03_landcover_correlation_boxplots.py,_ARCHIVE_TO_REVIEW_AFTER_CLEANUP_20260712/src/paper_reproductions/nie2022/fig03_landcover_correlation_boxplots.py,ARCHIVE_UNUSED,no,no,Not in active set,mkdir -p $(dirname src/paper_reproductions/nie2022/fig03_landcover_correlation_boxplots.py) && mv _ARCHIVE_TO_REVIEW_AFTER_CLEANUP_20260712/src/paper_reproductions/nie2022/fig03_landcover_correlation_boxplots.py src/paper_reproductions/nie2022/fig03_landcover_correlation_boxplots.py
src/paper_reproductions/nie2022/fig09_drought_area_scatterplots.py,_ARCHIVE_TO_REVIEW_AFTER_CLEANUP_20260712/src/paper_reproductions/nie2022/fig09_drought_area_scatterplots.py,ARCHIVE_UNUSED,no,no,Not in active set,mkdir -p $(dirname src/paper_reproductions/nie2022/fig09_drought_area_scatterplots.py) && mv _ARCHIVE_TO_REVIEW_AFTER_CLEANUP_20260712/src/paper_reproductions/nie2022/fig09_drought_area_scatterplots.py src/paper_reproductions/nie2022/fig09_drought_area_scatterplots.py
src/paper_reproductions/nie2022/fig04_lai_seasonality_comparison.py,_ARCHIVE_TO_REVIEW_AFTER_CLEANUP_20260712/src/paper_reproductions/nie2022/fig04_lai_seasonality_comparison.py,ARCHIVE_UNUSED,no,no,Not in active set,mkdir -p $(dirname src/paper_reproductions/nie2022/fig04_lai_seasonality_comparison.py) && mv _ARCHIVE_TO_REVIEW_AFTER_CLEANUP_20260712/src/paper_reproductions/nie2022/fig04_lai_seasonality_comparison.py src/paper_reproductions/nie2022/fig04_lai_seasonality_comparison.py
src/paper_reproductions/nie2022/__init__.py,_ARCHIVE_TO_REVIEW_AFTER_CLEANUP_20260712/src/paper_reproductions/nie2022/__init__.py,ARCHIVE_UNUSED,no,no,Not in active set,mkdir -p $(dirname src/paper_reproductions/nie2022/__init__.py) && mv _ARCHIVE_TO_REVIEW_AFTER_CLEANUP_20260712/src/paper_reproductions/nie2022/__init__.py src/paper_reproductions/nie2022/__init__.py
src/_archive_scripts/test_innov2.py,_ARCHIVE_TO_REVIEW_AFTER_CLEANUP_20260712/src/_archive_scripts/test_innov2.py,ARCHIVE_UNUSED,no,no,Not in active set,mkdir -p $(dirname src/_archive_scripts/test_innov2.py) && mv _ARCHIVE_TO_REVIEW_AFTER_CLEANUP_20260712/src/_archive_scripts/test_innov2.py src/_archive_scripts/test_innov2.py
src/_archive_scripts/test_innov.py,_ARCHIVE_TO_REVIEW_AFTER_CLEANUP_20260712/src/_archive_scripts/test_innov.py,ARCHIVE_UNUSED,no,no,Not in active set,mkdir -p $(dirname src/_archive_scripts/test_innov.py) && mv _ARCHIVE_TO_REVIEW_AFTER_CLEANUP_20260712/src/_archive_scripts/test_innov.py src/_archive_scripts/test_innov.py
src/_archive_scripts/patch_innov.py,_ARCHIVE_TO_REVIEW_AFTER_CLEANUP_20260712/src/_archive_scripts/patch_innov.py,ARCHIVE_UNUSED,no,no,Not in active set,mkdir -p $(dirname src/_archive_scripts/patch_innov.py) && mv _ARCHIVE_TO_REVIEW_AFTER_CLEANUP_20260712/src/_archive_scripts/patch_innov.py src/_archive_scripts/patch_innov.py
src/_archive_scripts/analysis_and_budgets/fig04_runoff_irrigation.py,_ARCHIVE_TO_REVIEW_AFTER_CLEANUP_20260712/src/_archive_scripts/analysis_and_budgets/fig04_runoff_irrigation.py,ARCHIVE_UNUSED,no,no,Not in active set,mkdir -p $(dirname src/_archive_scripts/analysis_and_budgets/fig04_runoff_irrigation.py) && mv _ARCHIVE_TO_REVIEW_AFTER_CLEANUP_20260712/src/_archive_scripts/analysis_and_budgets/fig04_runoff_irrigation.py src/_archive_scripts/analysis_and_budgets/fig04_runoff_irrigation.py
src/_archive_scripts/analysis_and_budgets/fig13_14_spatial_impact_drivers.py,_ARCHIVE_TO_REVIEW_AFTER_CLEANUP_20260712/src/_archive_scripts/analysis_and_budgets/fig13_14_spatial_impact_drivers.py,ARCHIVE_UNUSED,no,no,Not in active set,mkdir -p $(dirname src/_archive_scripts/analysis_and_budgets/fig13_14_spatial_impact_drivers.py) && mv _ARCHIVE_TO_REVIEW_AFTER_CLEANUP_20260712/src/_archive_scripts/analysis_and_budgets/fig13_14_spatial_impact_drivers.py src/_archive_scripts/analysis_and_budgets/fig13_14_spatial_impact_drivers.py
src/_archive_scripts/analysis_and_budgets/compare_opl_da.py,_ARCHIVE_TO_REVIEW_AFTER_CLEANUP_20260712/src/_archive_scripts/analysis_and_budgets/compare_opl_da.py,ARCHIVE_UNUSED,no,no,Not in active set,mkdir -p $(dirname src/_archive_scripts/analysis_and_budgets/compare_opl_da.py) && mv _ARCHIVE_TO_REVIEW_AFTER_CLEANUP_20260712/src/_archive_scripts/analysis_and_budgets/compare_opl_da.py src/_archive_scripts/analysis_and_budgets/compare_opl_da.py
src/_archive_scripts/analysis_and_budgets/fig05_runoff_decomposition.py,_ARCHIVE_TO_REVIEW_AFTER_CLEANUP_20260712/src/_archive_scripts/analysis_and_budgets/fig05_runoff_decomposition.py,ARCHIVE_UNUSED,no,no,Not in active set,mkdir -p $(dirname src/_archive_scripts/analysis_and_budgets/fig05_runoff_decomposition.py) && mv _ARCHIVE_TO_REVIEW_AFTER_CLEANUP_20260712/src/_archive_scripts/analysis_and_budgets/fig05_runoff_decomposition.py src/_archive_scripts/analysis_and_budgets/fig05_runoff_decomposition.py
src/_archive_scripts/analysis_and_budgets/config_postproc.py,_ARCHIVE_TO_REVIEW_AFTER_CLEANUP_20260712/src/_archive_scripts/analysis_and_budgets/config_postproc.py,ARCHIVE_UNUSED,no,no,Not in active set,mkdir -p $(dirname src/_archive_scripts/analysis_and_budgets/config_postproc.py) && mv _ARCHIVE_TO_REVIEW_AFTER_CLEANUP_20260712/src/_archive_scripts/analysis_and_budgets/config_postproc.py src/_archive_scripts/analysis_and_budgets/config_postproc.py
src/_archive_scripts/analysis_and_budgets/eval_water_budget.py,_ARCHIVE_TO_REVIEW_AFTER_CLEANUP_20260712/src/_archive_scripts/analysis_and_budgets/eval_water_budget.py,ARCHIVE_UNUSED,no,no,Not in active set,mkdir -p $(dirname src/_archive_scripts/analysis_and_budgets/eval_water_budget.py) && mv _ARCHIVE_TO_REVIEW_AFTER_CLEANUP_20260712/src/_archive_scripts/analysis_and_budgets/eval_water_budget.py src/_archive_scripts/analysis_and_budgets/eval_water_budget.py
src/_archive_scripts/analysis_and_budgets/supp_statistical_analysis.py,_ARCHIVE_TO_REVIEW_AFTER_CLEANUP_20260712/src/_archive_scripts/analysis_and_budgets/supp_statistical_analysis.py,ARCHIVE_UNUSED,no,no,Not in active set,mkdir -p $(dirname src/_archive_scripts/analysis_and_budgets/supp_statistical_analysis.py) && mv _ARCHIVE_TO_REVIEW_AFTER_CLEANUP_20260712/src/_archive_scripts/analysis_and_budgets/supp_statistical_analysis.py src/_archive_scripts/analysis_and_budgets/supp_statistical_analysis.py
src/_archive_scripts/analysis_and_budgets/eval_da_stats.py,_ARCHIVE_TO_REVIEW_AFTER_CLEANUP_20260712/src/_archive_scripts/analysis_and_budgets/eval_da_stats.py,ARCHIVE_UNUSED,no,no,Not in active set,mkdir -p $(dirname src/_archive_scripts/analysis_and_budgets/eval_da_stats.py) && mv _ARCHIVE_TO_REVIEW_AFTER_CLEANUP_20260712/src/_archive_scripts/analysis_and_budgets/eval_da_stats.py src/_archive_scripts/analysis_and_budgets/eval_da_stats.py
src/_archive_scripts/opl_vs_da/README.md,_ARCHIVE_TO_REVIEW_AFTER_CLEANUP_20260712/src/_archive_scripts/opl_vs_da/README.md,ARCHIVE_UNUSED,no,no,Not in active set,mkdir -p $(dirname src/_archive_scripts/opl_vs_da/README.md) && mv _ARCHIVE_TO_REVIEW_AFTER_CLEANUP_20260712/src/_archive_scripts/opl_vs_da/README.md src/_archive_scripts/opl_vs_da/README.md
src/_archive_scripts/opl_vs_da/config_opl_da.yaml,_ARCHIVE_TO_REVIEW_AFTER_CLEANUP_20260712/src/_archive_scripts/opl_vs_da/config_opl_da.yaml,ARCHIVE_UNUSED,no,no,Not in active set,mkdir -p $(dirname src/_archive_scripts/opl_vs_da/config_opl_da.yaml) && mv _ARCHIVE_TO_REVIEW_AFTER_CLEANUP_20260712/src/_archive_scripts/opl_vs_da/config_opl_da.yaml src/_archive_scripts/opl_vs_da/config_opl_da.yaml
src/_archive_scripts/opl_vs_da/config_opl_da_1yr.yaml,_ARCHIVE_TO_REVIEW_AFTER_CLEANUP_20260712/src/_archive_scripts/opl_vs_da/config_opl_da_1yr.yaml,ARCHIVE_UNUSED,no,no,Not in active set,mkdir -p $(dirname src/_archive_scripts/opl_vs_da/config_opl_da_1yr.yaml) && mv _ARCHIVE_TO_REVIEW_AFTER_CLEANUP_20260712/src/_archive_scripts/opl_vs_da/config_opl_da_1yr.yaml src/_archive_scripts/opl_vs_da/config_opl_da_1yr.yaml
src/_archive_scripts/opl_vs_da/core.py,_ARCHIVE_TO_REVIEW_AFTER_CLEANUP_20260712/src/_archive_scripts/opl_vs_da/core.py,ARCHIVE_UNUSED,no,no,Not in active set,mkdir -p $(dirname src/_archive_scripts/opl_vs_da/core.py) && mv _ARCHIVE_TO_REVIEW_AFTER_CLEANUP_20260712/src/_archive_scripts/opl_vs_da/core.py src/_archive_scripts/opl_vs_da/core.py
src/_archive_scripts/opl_vs_da/utils.py,_ARCHIVE_TO_REVIEW_AFTER_CLEANUP_20260712/src/_archive_scripts/opl_vs_da/utils.py,ARCHIVE_UNUSED,no,no,Not in active set,mkdir -p $(dirname src/_archive_scripts/opl_vs_da/utils.py) && mv _ARCHIVE_TO_REVIEW_AFTER_CLEANUP_20260712/src/_archive_scripts/opl_vs_da/utils.py src/_archive_scripts/opl_vs_da/utils.py
src/_archive_scripts/opl_vs_da/config_postproc.py,_ARCHIVE_TO_REVIEW_AFTER_CLEANUP_20260712/src/_archive_scripts/opl_vs_da/config_postproc.py,ARCHIVE_UNUSED,no,no,Not in active set,mkdir -p $(dirname src/_archive_scripts/opl_vs_da/config_postproc.py) && mv _ARCHIVE_TO_REVIEW_AFTER_CLEANUP_20260712/src/_archive_scripts/opl_vs_da/config_postproc.py src/_archive_scripts/opl_vs_da/config_postproc.py
src/_archive_scripts/opl_vs_da/main.py,_ARCHIVE_TO_REVIEW_AFTER_CLEANUP_20260712/src/_archive_scripts/opl_vs_da/main.py,ARCHIVE_UNUSED,no,no,Not in active set,mkdir -p $(dirname src/_archive_scripts/opl_vs_da/main.py) && mv _ARCHIVE_TO_REVIEW_AFTER_CLEANUP_20260712/src/_archive_scripts/opl_vs_da/main.py src/_archive_scripts/opl_vs_da/main.py
src/_archive_scripts/utils/utils_eval.py,_ARCHIVE_TO_REVIEW_AFTER_CLEANUP_20260712/src/_archive_scripts/utils/utils_eval.py,ARCHIVE_UNUSED,no,no,Not in active set,mkdir -p $(dirname src/_archive_scripts/utils/utils_eval.py) && mv _ARCHIVE_TO_REVIEW_AFTER_CLEANUP_20260712/src/_archive_scripts/utils/utils_eval.py src/_archive_scripts/utils/utils_eval.py
src/_archive_scripts/utils/config_postproc.py,_ARCHIVE_TO_REVIEW_AFTER_CLEANUP_20260712/src/_archive_scripts/utils/config_postproc.py,ARCHIVE_UNUSED,no,no,Not in active set,mkdir -p $(dirname src/_archive_scripts/utils/config_postproc.py) && mv _ARCHIVE_TO_REVIEW_AFTER_CLEANUP_20260712/src/_archive_scripts/utils/config_postproc.py src/_archive_scripts/utils/config_postproc.py
src/_archive_scripts/preliminary_study/pdf_report.py,_ARCHIVE_TO_REVIEW_AFTER_CLEANUP_20260712/src/_archive_scripts/preliminary_study/pdf_report.py,ARCHIVE_UNUSED,no,no,Not in active set,mkdir -p $(dirname src/_archive_scripts/preliminary_study/pdf_report.py) && mv _ARCHIVE_TO_REVIEW_AFTER_CLEANUP_20260712/src/_archive_scripts/preliminary_study/pdf_report.py src/_archive_scripts/preliminary_study/pdf_report.py
src/_archive_scripts/preliminary_study/config_prelim_study.yaml,_ARCHIVE_TO_REVIEW_AFTER_CLEANUP_20260712/src/_archive_scripts/preliminary_study/config_prelim_study.yaml,ARCHIVE_UNUSED,no,no,Not in active set,mkdir -p $(dirname src/_archive_scripts/preliminary_study/config_prelim_study.yaml) && mv _ARCHIVE_TO_REVIEW_AFTER_CLEANUP_20260712/src/_archive_scripts/preliminary_study/config_prelim_study.yaml src/_archive_scripts/preliminary_study/config_prelim_study.yaml
src/_archive_scripts/preliminary_study/main_prelim.py,_ARCHIVE_TO_REVIEW_AFTER_CLEANUP_20260712/src/_archive_scripts/preliminary_study/main_prelim.py,ARCHIVE_UNUSED,no,no,Not in active set,mkdir -p $(dirname src/_archive_scripts/preliminary_study/main_prelim.py) && mv _ARCHIVE_TO_REVIEW_AFTER_CLEANUP_20260712/src/_archive_scripts/preliminary_study/main_prelim.py src/_archive_scripts/preliminary_study/main_prelim.py
src/_archive_scripts/preliminary_study/plot_figures.py,_ARCHIVE_TO_REVIEW_AFTER_CLEANUP_20260712/src/_archive_scripts/preliminary_study/plot_figures.py,ARCHIVE_UNUSED,no,no,Not in active set,mkdir -p $(dirname src/_archive_scripts/preliminary_study/plot_figures.py) && mv _ARCHIVE_TO_REVIEW_AFTER_CLEANUP_20260712/src/_archive_scripts/preliminary_study/plot_figures.py src/_archive_scripts/preliminary_study/plot_figures.py
src/_archive_scripts/preliminary_study/__init__.py,_ARCHIVE_TO_REVIEW_AFTER_CLEANUP_20260712/src/_archive_scripts/preliminary_study/__init__.py,ARCHIVE_UNUSED,no,no,Not in active set,mkdir -p $(dirname src/_archive_scripts/preliminary_study/__init__.py) && mv _ARCHIVE_TO_REVIEW_AFTER_CLEANUP_20260712/src/_archive_scripts/preliminary_study/__init__.py src/_archive_scripts/preliminary_study/__init__.py
src/_archive_scripts/assimilation_diagnostics_old/plot_innovation.py,_ARCHIVE_TO_REVIEW_AFTER_CLEANUP_20260712/src/_archive_scripts/assimilation_diagnostics_old/plot_innovation.py,ARCHIVE_UNUSED,no,no,Not in active set,mkdir -p $(dirname src/_archive_scripts/assimilation_diagnostics_old/plot_innovation.py) && mv _ARCHIVE_TO_REVIEW_AFTER_CLEANUP_20260712/src/_archive_scripts/assimilation_diagnostics_old/plot_innovation.py src/_archive_scripts/assimilation_diagnostics_old/plot_innovation.py
src/_archive_scripts/assimilation_diagnostics_old/plot_obs_coverage.py,_ARCHIVE_TO_REVIEW_AFTER_CLEANUP_20260712/src/_archive_scripts/assimilation_diagnostics_old/plot_obs_coverage.py,ARCHIVE_UNUSED,no,no,Not in active set,mkdir -p $(dirname src/_archive_scripts/assimilation_diagnostics_old/plot_obs_coverage.py) && mv _ARCHIVE_TO_REVIEW_AFTER_CLEANUP_20260712/src/_archive_scripts/assimilation_diagnostics_old/plot_obs_coverage.py src/_archive_scripts/assimilation_diagnostics_old/plot_obs_coverage.py
src/_archive_scripts/assimilation_diagnostics_old/main_assim_diag.py,_ARCHIVE_TO_REVIEW_AFTER_CLEANUP_20260712/src/_archive_scripts/assimilation_diagnostics_old/main_assim_diag.py,ARCHIVE_UNUSED,no,no,Not in active set,mkdir -p $(dirname src/_archive_scripts/assimilation_diagnostics_old/main_assim_diag.py) && mv _ARCHIVE_TO_REVIEW_AFTER_CLEANUP_20260712/src/_archive_scripts/assimilation_diagnostics_old/main_assim_diag.py src/_archive_scripts/assimilation_diagnostics_old/main_assim_diag.py
src/_archive_scripts/domain/fig01_spatial_context.py,_ARCHIVE_TO_REVIEW_AFTER_CLEANUP_20260712/src/_archive_scripts/domain/fig01_spatial_context.py,ARCHIVE_UNUSED,no,no,Not in active set,mkdir -p $(dirname src/_archive_scripts/domain/fig01_spatial_context.py) && mv _ARCHIVE_TO_REVIEW_AFTER_CLEANUP_20260712/src/_archive_scripts/domain/fig01_spatial_context.py src/_archive_scripts/domain/fig01_spatial_context.py
src/_archive_scripts/domain/config_postproc.py,_ARCHIVE_TO_REVIEW_AFTER_CLEANUP_20260712/src/_archive_scripts/domain/config_postproc.py,ARCHIVE_UNUSED,no,no,Not in active set,mkdir -p $(dirname src/_archive_scripts/domain/config_postproc.py) && mv _ARCHIVE_TO_REVIEW_AFTER_CLEANUP_20260712/src/_archive_scripts/domain/config_postproc.py src/_archive_scripts/domain/config_postproc.py
src/_archive_scripts/domain/fig01_study_domain.py,_ARCHIVE_TO_REVIEW_AFTER_CLEANUP_20260712/src/_archive_scripts/domain/fig01_study_domain.py,ARCHIVE_UNUSED,no,no,Not in active set,mkdir -p $(dirname src/_archive_scripts/domain/fig01_study_domain.py) && mv _ARCHIVE_TO_REVIEW_AFTER_CLEANUP_20260712/src/_archive_scripts/domain/fig01_study_domain.py src/_archive_scripts/domain/fig01_study_domain.py
src/_archive_scripts/domain/fig0_domain_plots.py,_ARCHIVE_TO_REVIEW_AFTER_CLEANUP_20260712/src/_archive_scripts/domain/fig0_domain_plots.py,ARCHIVE_UNUSED,no,no,Not in active set,mkdir -p $(dirname src/_archive_scripts/domain/fig0_domain_plots.py) && mv _ARCHIVE_TO_REVIEW_AFTER_CLEANUP_20260712/src/_archive_scripts/domain/fig0_domain_plots.py src/_archive_scripts/domain/fig0_domain_plots.py
src/_archive_scripts/methodology/verify_metrics_scalability.py,_ARCHIVE_TO_REVIEW_AFTER_CLEANUP_20260712/src/_archive_scripts/methodology/verify_metrics_scalability.py,ARCHIVE_UNUSED,no,no,Not in active set,mkdir -p $(dirname src/_archive_scripts/methodology/verify_metrics_scalability.py) && mv _ARCHIVE_TO_REVIEW_AFTER_CLEANUP_20260712/src/_archive_scripts/methodology/verify_metrics_scalability.py src/_archive_scripts/methodology/verify_metrics_scalability.py
src/_archive_scripts/methodology/config_postproc.py,_ARCHIVE_TO_REVIEW_AFTER_CLEANUP_20260712/src/_archive_scripts/methodology/config_postproc.py,ARCHIVE_UNUSED,no,no,Not in active set,mkdir -p $(dirname src/_archive_scripts/methodology/config_postproc.py) && mv _ARCHIVE_TO_REVIEW_AFTER_CLEANUP_20260712/src/_archive_scripts/methodology/config_postproc.py src/_archive_scripts/methodology/config_postproc.py
src/_archive_scripts/methodology/fig02_methodology_flowchart.py,_ARCHIVE_TO_REVIEW_AFTER_CLEANUP_20260712/src/_archive_scripts/methodology/fig02_methodology_flowchart.py,ARCHIVE_UNUSED,no,no,Not in active set,mkdir -p $(dirname src/_archive_scripts/methodology/fig02_methodology_flowchart.py) && mv _ARCHIVE_TO_REVIEW_AFTER_CLEANUP_20260712/src/_archive_scripts/methodology/fig02_methodology_flowchart.py src/_archive_scripts/methodology/fig02_methodology_flowchart.py
src/utils/io_lis.py,_ARCHIVE_TO_REVIEW_AFTER_CLEANUP_20260712/src/utils/io_lis.py,ARCHIVE_UNUSED,no,no,Not in active set,mkdir -p $(dirname src/utils/io_lis.py) && mv _ARCHIVE_TO_REVIEW_AFTER_CLEANUP_20260712/src/utils/io_lis.py src/utils/io_lis.py
src/utils/io_da.py,_ARCHIVE_TO_REVIEW_AFTER_CLEANUP_20260712/src/utils/io_da.py,ARCHIVE_UNUSED,no,no,Not in active set,mkdir -p $(dirname src/utils/io_da.py) && mv _ARCHIVE_TO_REVIEW_AFTER_CLEANUP_20260712/src/utils/io_da.py src/utils/io_da.py
src/utils/metrics.py,_ARCHIVE_TO_REVIEW_AFTER_CLEANUP_20260712/src/utils/metrics.py,ARCHIVE_UNUSED,no,no,Not in active set,mkdir -p $(dirname src/utils/metrics.py) && mv _ARCHIVE_TO_REVIEW_AFTER_CLEANUP_20260712/src/utils/metrics.py src/utils/metrics.py
src/utils/masking.py,_ARCHIVE_TO_REVIEW_AFTER_CLEANUP_20260712/src/utils/masking.py,ARCHIVE_UNUSED,no,no,Not in active set,mkdir -p $(dirname src/utils/masking.py) && mv _ARCHIVE_TO_REVIEW_AFTER_CLEANUP_20260712/src/utils/masking.py src/utils/masking.py
src/utils/spatial_stats.py,_ARCHIVE_TO_REVIEW_AFTER_CLEANUP_20260712/src/utils/spatial_stats.py,ARCHIVE_UNUSED,no,no,Not in active set,mkdir -p $(dirname src/utils/spatial_stats.py) && mv _ARCHIVE_TO_REVIEW_AFTER_CLEANUP_20260712/src/utils/spatial_stats.py src/utils/spatial_stats.py
src/utils/__init__.py,_ARCHIVE_TO_REVIEW_AFTER_CLEANUP_20260712/src/utils/__init__.py,ARCHIVE_UNUSED,no,no,Not in active set,mkdir -p $(dirname src/utils/__init__.py) && mv _ARCHIVE_TO_REVIEW_AFTER_CLEANUP_20260712/src/utils/__init__.py src/utils/__init__.py
src/utils/plotting_common.py,_ARCHIVE_TO_REVIEW_AFTER_CLEANUP_20260712/src/utils/plotting_common.py,ARCHIVE_UNUSED,no,no,Not in active set,mkdir -p $(dirname src/utils/plotting_common.py) && mv _ARCHIVE_TO_REVIEW_AFTER_CLEANUP_20260712/src/utils/plotting_common.py src/utils/plotting_common.py
src/opl_multiple_da/drought_scatter.py,_ARCHIVE_TO_REVIEW_AFTER_CLEANUP_20260712/src/opl_multiple_da/drought_scatter.py,ARCHIVE_UNUSED,no,no,Not in active set,mkdir -p $(dirname src/opl_multiple_da/drought_scatter.py) && mv _ARCHIVE_TO_REVIEW_AFTER_CLEANUP_20260712/src/opl_multiple_da/drought_scatter.py src/opl_multiple_da/drought_scatter.py
src/opl_multiple_da/README.md,_ARCHIVE_TO_REVIEW_AFTER_CLEANUP_20260712/src/opl_multiple_da/README.md,ARCHIVE_UNUSED,no,no,Not in active set,mkdir -p $(dirname src/opl_multiple_da/README.md) && mv _ARCHIVE_TO_REVIEW_AFTER_CLEANUP_20260712/src/opl_multiple_da/README.md src/opl_multiple_da/README.md
src/opl_multiple_da/lai_timeseries.py,_ARCHIVE_TO_REVIEW_AFTER_CLEANUP_20260712/src/opl_multiple_da/lai_timeseries.py,ARCHIVE_UNUSED,no,no,Not in active set,mkdir -p $(dirname src/opl_multiple_da/lai_timeseries.py) && mv _ARCHIVE_TO_REVIEW_AFTER_CLEANUP_20260712/src/opl_multiple_da/lai_timeseries.py src/opl_multiple_da/lai_timeseries.py
src/opl_multiple_da/drought_indices.py,_ARCHIVE_TO_REVIEW_AFTER_CLEANUP_20260712/src/opl_multiple_da/drought_indices.py,ARCHIVE_UNUSED,no,no,Not in active set,mkdir -p $(dirname src/opl_multiple_da/drought_indices.py) && mv _ARCHIVE_TO_REVIEW_AFTER_CLEANUP_20260712/src/opl_multiple_da/drought_indices.py src/opl_multiple_da/drought_indices.py
src/opl_multiple_da/job_opl_multiple_da.sh,_ARCHIVE_TO_REVIEW_AFTER_CLEANUP_20260712/src/opl_multiple_da/job_opl_multiple_da.sh,ARCHIVE_UNUSED,no,no,Not in active set,mkdir -p $(dirname src/opl_multiple_da/job_opl_multiple_da.sh) && mv _ARCHIVE_TO_REVIEW_AFTER_CLEANUP_20260712/src/opl_multiple_da/job_opl_multiple_da.sh src/opl_multiple_da/job_opl_multiple_da.sh
src/opl_multiple_da/config.yaml,_ARCHIVE_TO_REVIEW_AFTER_CLEANUP_20260712/src/opl_multiple_da/config.yaml,ARCHIVE_UNUSED,no,no,Not in active set,mkdir -p $(dirname src/opl_multiple_da/config.yaml) && mv _ARCHIVE_TO_REVIEW_AFTER_CLEANUP_20260712/src/opl_multiple_da/config.yaml src/opl_multiple_da/config.yaml
src/opl_multiple_da/main.py,_ARCHIVE_TO_REVIEW_AFTER_CLEANUP_20260712/src/opl_multiple_da/main.py,ARCHIVE_UNUSED,no,no,Not in active set,mkdir -p $(dirname src/opl_multiple_da/main.py) && mv _ARCHIVE_TO_REVIEW_AFTER_CLEANUP_20260712/src/opl_multiple_da/main.py src/opl_multiple_da/main.py
src/opl_multiple_da/assimilation/plot_assimilation.py,_ARCHIVE_TO_REVIEW_AFTER_CLEANUP_20260712/src/opl_multiple_da/assimilation/plot_assimilation.py,ARCHIVE_UNUSED,no,no,Not in active set,mkdir -p $(dirname src/opl_multiple_da/assimilation/plot_assimilation.py) && mv _ARCHIVE_TO_REVIEW_AFTER_CLEANUP_20260712/src/opl_multiple_da/assimilation/plot_assimilation.py src/opl_multiple_da/assimilation/plot_assimilation.py
src/opl_multiple_da/groundwater/plot_groundwater.py,_ARCHIVE_TO_REVIEW_AFTER_CLEANUP_20260712/src/opl_multiple_da/groundwater/plot_groundwater.py,ARCHIVE_UNUSED,no,no,Not in active set,mkdir -p $(dirname src/opl_multiple_da/groundwater/plot_groundwater.py) && mv _ARCHIVE_TO_REVIEW_AFTER_CLEANUP_20260712/src/opl_multiple_da/groundwater/plot_groundwater.py src/opl_multiple_da/groundwater/plot_groundwater.py
src/opl_multiple_da/spatial_analysis/plot_spatial_analysis.py,_ARCHIVE_TO_REVIEW_AFTER_CLEANUP_20260712/src/opl_multiple_da/spatial_analysis/plot_spatial_analysis.py,ARCHIVE_UNUSED,no,no,Not in active set,mkdir -p $(dirname src/opl_multiple_da/spatial_analysis/plot_spatial_analysis.py) && mv _ARCHIVE_TO_REVIEW_AFTER_CLEANUP_20260712/src/opl_multiple_da/spatial_analysis/plot_spatial_analysis.py src/opl_multiple_da/spatial_analysis/plot_spatial_analysis.py
src/opl_multiple_da/soil_moisture/plot_soil_moisture.py,_ARCHIVE_TO_REVIEW_AFTER_CLEANUP_20260712/src/opl_multiple_da/soil_moisture/plot_soil_moisture.py,ARCHIVE_UNUSED,no,no,Not in active set,mkdir -p $(dirname src/opl_multiple_da/soil_moisture/plot_soil_moisture.py) && mv _ARCHIVE_TO_REVIEW_AFTER_CLEANUP_20260712/src/opl_multiple_da/soil_moisture/plot_soil_moisture.py src/opl_multiple_da/soil_moisture/plot_soil_moisture.py
src/opl_multiple_da/synthesis/plot_comprehensive.py,_ARCHIVE_TO_REVIEW_AFTER_CLEANUP_20260712/src/opl_multiple_da/synthesis/plot_comprehensive.py,ARCHIVE_UNUSED,no,no,Not in active set,mkdir -p $(dirname src/opl_multiple_da/synthesis/plot_comprehensive.py) && mv _ARCHIVE_TO_REVIEW_AFTER_CLEANUP_20260712/src/opl_multiple_da/synthesis/plot_comprehensive.py src/opl_multiple_da/synthesis/plot_comprehensive.py
src/opl_multiple_da/synthesis/plot_synthesis.py,_ARCHIVE_TO_REVIEW_AFTER_CLEANUP_20260712/src/opl_multiple_da/synthesis/plot_synthesis.py,ARCHIVE_UNUSED,no,no,Not in active set,mkdir -p $(dirname src/opl_multiple_da/synthesis/plot_synthesis.py) && mv _ARCHIVE_TO_REVIEW_AFTER_CLEANUP_20260712/src/opl_multiple_da/synthesis/plot_synthesis.py src/opl_multiple_da/synthesis/plot_synthesis.py
src/opl_multiple_da/streamflow/plot_streamflow.py,_ARCHIVE_TO_REVIEW_AFTER_CLEANUP_20260712/src/opl_multiple_da/streamflow/plot_streamflow.py,ARCHIVE_UNUSED,no,no,Not in active set,mkdir -p $(dirname src/opl_multiple_da/streamflow/plot_streamflow.py) && mv _ARCHIVE_TO_REVIEW_AFTER_CLEANUP_20260712/src/opl_multiple_da/streamflow/plot_streamflow.py src/opl_multiple_da/streamflow/plot_streamflow.py
src/opl_multiple_da/validation/plot_validation.py,_ARCHIVE_TO_REVIEW_AFTER_CLEANUP_20260712/src/opl_multiple_da/validation/plot_validation.py,ARCHIVE_UNUSED,no,no,Not in active set,mkdir -p $(dirname src/opl_multiple_da/validation/plot_validation.py) && mv _ARCHIVE_TO_REVIEW_AFTER_CLEANUP_20260712/src/opl_multiple_da/validation/plot_validation.py src/opl_multiple_da/validation/plot_validation.py
src/opl_multiple_da/fluxes/plot_fluxes.py,_ARCHIVE_TO_REVIEW_AFTER_CLEANUP_20260712/src/opl_multiple_da/fluxes/plot_fluxes.py,ARCHIVE_UNUSED,no,no,Not in active set,mkdir -p $(dirname src/opl_multiple_da/fluxes/plot_fluxes.py) && mv _ARCHIVE_TO_REVIEW_AFTER_CLEANUP_20260712/src/opl_multiple_da/fluxes/plot_fluxes.py src/opl_multiple_da/fluxes/plot_fluxes.py
src/opl_multiple_da/runoff/plot_runoff.py,_ARCHIVE_TO_REVIEW_AFTER_CLEANUP_20260712/src/opl_multiple_da/runoff/plot_runoff.py,ARCHIVE_UNUSED,no,no,Not in active set,mkdir -p $(dirname src/opl_multiple_da/runoff/plot_runoff.py) && mv _ARCHIVE_TO_REVIEW_AFTER_CLEANUP_20260712/src/opl_multiple_da/runoff/plot_runoff.py src/opl_multiple_da/runoff/plot_runoff.py
src/lis_postproc/diagnostics/__init__.py,_ARCHIVE_TO_REVIEW_AFTER_CLEANUP_20260712/src/lis_postproc/diagnostics/__init__.py,ARCHIVE_UNUSED,no,no,Not in active set,mkdir -p $(dirname src/lis_postproc/diagnostics/__init__.py) && mv _ARCHIVE_TO_REVIEW_AFTER_CLEANUP_20260712/src/lis_postproc/diagnostics/__init__.py src/lis_postproc/diagnostics/__init__.py
tests/__init__.py,_ARCHIVE_TO_REVIEW_AFTER_CLEANUP_20260712/tests/__init__.py,ARCHIVE_UNUSED,no,no,Not in active set,mkdir -p $(dirname tests/__init__.py) && mv _ARCHIVE_TO_REVIEW_AFTER_CLEANUP_20260712/tests/__init__.py tests/__init__.py
tests/core/__init__.py,_ARCHIVE_TO_REVIEW_AFTER_CLEANUP_20260712/tests/core/__init__.py,ARCHIVE_OBSOLETE_PIPELINE,no,no,Not in active set,mkdir -p $(dirname tests/core/__init__.py) && mv _ARCHIVE_TO_REVIEW_AFTER_CLEANUP_20260712/tests/core/__init__.py tests/core/__init__.py
