experiment,file_pattern,variable_name,dimensions,units,long_name,first_date,last_date,min_value,max_value,nan_fraction
OPL_noirr_2016,/home/mohammad.elaabaribao/lustre/empowermed-ahl6xm8o7mg/users/mohammad.elaabaribao/NoahMP_Morocco/experiments/NorthMor/matrix_2016/OPL_noirr_2016/output/2016-*/SURFACEMODEL/2016*/LIS_HIST*.nc,Swnet_tavg,"('north_south', 'east_west')",W m-2,net downward shortwave radiation,LIS_HIST_201601020000.d01.nc,LIS_HIST_201612310000.d01.nc,Compute omitted (too slow),Compute omitted (too slow),Compute omitted
OPL_noirr_2016,/home/mohammad.elaabaribao/lustre/empowermed-ahl6xm8o7mg/users/mohammad.elaabaribao/NoahMP_Morocco/experiments/NorthMor/matrix_2016/OPL_noirr_2016/output/2016-*/SURFACEMODEL/2016*/LIS_HIST*.nc,Lwnet_tavg,"('north_south', 'east_west')",W m-2,net downward longwave radiation,LIS_HIST_201601020000.d01.nc,LIS_HIST_201612310000.d01.nc,Compute omitted (too slow),Compute omitted (too slow),Compute omitted
OPL_noirr_2016,/home/mohammad.elaabaribao/lustre/empowermed-ahl6xm8o7mg/users/mohammad.elaabaribao/NoahMP_Morocco/experiments/NorthMor/matrix_2016/OPL_noirr_2016/output/2016-*/SURFACEMODEL/2016*/LIS_HIST*.nc,Qle_tavg,"('north_south', 'east_west')",W m-2,latent heat flux,LIS_HIST_201601020000.d01.nc,LIS_HIST_201612310000.d01.nc,Compute omitted (too slow),Compute omitted (too slow),Compute omitted
OPL_noirr_2016,/home/mohammad.elaabaribao/lustre/empowermed-ahl6xm8o7mg/users/mohammad.elaabaribao/NoahMP_Morocco/experiments/NorthMor/matrix_2016/OPL_noirr_2016/output/2016-*/SURFACEMODEL/2016*/LIS_HIST*.nc,Qh_tavg,"('north_south', 'east_west')",W m-2,sensible heat flux,LIS_HIST_201601020000.d01.nc,LIS_HIST_201612310000.d01.nc,Compute omitted (too slow),Compute omitted (too slow),Compute omitted
OPL_noirr_2016,/home/mohammad.elaabaribao/lustre/empowermed-ahl6xm8o7mg/users/mohammad.elaabaribao/NoahMP_Morocco/experiments/NorthMor/matrix_2016/OPL_noirr_2016/output/2016-*/SURFACEMODEL/2016*/LIS_HIST*.nc,Qg_tavg,"('north_south', 'east_west')",W m-2,soil heat flux,LIS_HIST_201601020000.d01.nc,LIS_HIST_201612310000.d01.nc,Compute omitted (too slow),Compute omitted (too slow),Compute omitted
OPL_noirr_2016,/home/mohammad.elaabaribao/lustre/empowermed-ahl6xm8o7mg/users/mohammad.elaabaribao/NoahMP_Morocco/experiments/NorthMor/matrix_2016/OPL_noirr_2016/output/2016-*/SURFACEMODEL/2016*/LIS_HIST*.nc,Snowf_tavg,"('north_south', 'east_west')",kg m-2 s-1,snowfall rate,LIS_HIST_201601020000.d01.nc,LIS_HIST_201612310000.d01.nc,Compute omitted (too slow),Compute omitted (too slow),Compute omitted
OPL_noirr_2016,/home/mohammad.elaabaribao/lustre/empowermed-ahl6xm8o7mg/users/mohammad.elaabaribao/NoahMP_Morocco/experiments/NorthMor/matrix_2016/OPL_noirr_2016/output/2016-*/SURFACEMODEL/2016*/LIS_HIST*.nc,Rainf_tavg,"('north_south', 'east_west')",kg m-2 s-1,precipitation rate,LIS_HIST_201601020000.d01.nc,LIS_HIST_201612310000.d01.nc,Compute omitted (too slow),Compute omitted (too slow),Compute omitted
OPL_noirr_2016,/home/mohammad.elaabaribao/lustre/empowermed-ahl6xm8o7mg/users/mohammad.elaabaribao/NoahMP_Morocco/experiments/NorthMor/matrix_2016/OPL_noirr_2016/output/2016-*/SURFACEMODEL/2016*/LIS_HIST*.nc,Evap_tavg,"('north_south', 'east_west')",kg m-2 s-1,total evapotranspiration,LIS_HIST_201601020000.d01.nc,LIS_HIST_201612310000.d01.nc,Compute omitted (too slow),Compute omitted (too slow),Compute omitted
OPL_noirr_2016,/home/mohammad.elaabaribao/lustre/empowermed-ahl6xm8o7mg/users/mohammad.elaabaribao/NoahMP_Morocco/experiments/NorthMor/matrix_2016/OPL_noirr_2016/output/2016-*/SURFACEMODEL/2016*/LIS_HIST*.nc,Qs_tavg,"('north_south', 'east_west')",kg m-2 s-1,surface runoff,LIS_HIST_201601020000.d01.nc,LIS_HIST_201612310000.d01.nc,Compute omitted (too slow),Compute omitted (too slow),Compute omitted
OPL_noirr_2016,/home/mohammad.elaabaribao/lustre/empowermed-ahl6xm8o7mg/users/mohammad.elaabaribao/NoahMP_Morocco/experiments/NorthMor/matrix_2016/OPL_noirr_2016/output/2016-*/SURFACEMODEL/2016*/LIS_HIST*.nc,Qsb_tavg,"('north_south', 'east_west')",kg m-2 s-1,subsurface runoff amount,LIS_HIST_201601020000.d01.nc,LIS_HIST_201612310000.d01.nc,Compute omitted (too slow),Compute omitted (too slow),Compute omitted
OPL_noirr_2016,/home/mohammad.elaabaribao/lustre/empowermed-ahl6xm8o7mg/users/mohammad.elaabaribao/NoahMP_Morocco/experiments/NorthMor/matrix_2016/OPL_noirr_2016/output/2016-*/SURFACEMODEL/2016*/LIS_HIST*.nc,Qsm_tavg,"('north_south', 'east_west')",kg m-2 s-1,snowmelt,LIS_HIST_201601020000.d01.nc,LIS_HIST_201612310000.d01.nc,Compute omitted (too slow),Compute omitted (too slow),Compute omitted
OPL_noirr_2016,/home/mohammad.elaabaribao/lustre/empowermed-ahl6xm8o7mg/users/mohammad.elaabaribao/NoahMP_Morocco/experiments/NorthMor/matrix_2016/OPL_noirr_2016/output/2016-*/SURFACEMODEL/2016*/LIS_HIST*.nc,VegT_tavg,"('north_south', 'east_west')",K,canopy temperature,LIS_HIST_201601020000.d01.nc,LIS_HIST_201612310000.d01.nc,Compute omitted (too slow),Compute omitted (too slow),Compute omitted
OPL_noirr_2016,/home/mohammad.elaabaribao/lustre/empowermed-ahl6xm8o7mg/users/mohammad.elaabaribao/NoahMP_Morocco/experiments/NorthMor/matrix_2016/OPL_noirr_2016/output/2016-*/SURFACEMODEL/2016*/LIS_HIST*.nc,BareSoilT_tavg,"('north_south', 'east_west')",K,bare soil temperature,LIS_HIST_201601020000.d01.nc,LIS_HIST_201612310000.d01.nc,Compute omitted (too slow),Compute omitted (too slow),Compute omitted
OPL_noirr_2016,/home/mohammad.elaabaribao/lustre/empowermed-ahl6xm8o7mg/users/mohammad.elaabaribao/NoahMP_Morocco/experiments/NorthMor/matrix_2016/OPL_noirr_2016/output/2016-*/SURFACEMODEL/2016*/LIS_HIST*.nc,AvgSurfT_tavg,"('north_south', 'east_west')",K,surface temperature,LIS_HIST_201601020000.d01.nc,LIS_HIST_201612310000.d01.nc,Compute omitted (too slow),Compute omitted (too slow),Compute omitted
OPL_noirr_2016,/home/mohammad.elaabaribao/lustre/empowermed-ahl6xm8o7mg/users/mohammad.elaabaribao/NoahMP_Morocco/experiments/NorthMor/matrix_2016/OPL_noirr_2016/output/2016-*/SURFACEMODEL/2016*/LIS_HIST*.nc,RadT_tavg,"('north_south', 'east_west')",K,surface radiative temperature,LIS_HIST_201601020000.d01.nc,LIS_HIST_201612310000.d01.nc,Compute omitted (too slow),Compute omitted (too slow),Compute omitted
OPL_noirr_2016,/home/mohammad.elaabaribao/lustre/empowermed-ahl6xm8o7mg/users/mohammad.elaabaribao/NoahMP_Morocco/experiments/NorthMor/matrix_2016/OPL_noirr_2016/output/2016-*/SURFACEMODEL/2016*/LIS_HIST*.nc,SWE_tavg,"('north_south', 'east_west')",kg m-2,snow water equivalent,LIS_HIST_201601020000.d01.nc,LIS_HIST_201612310000.d01.nc,Compute omitted (too slow),Compute omitted (too slow),Compute omitted
OPL_noirr_2016,/home/mohammad.elaabaribao/lustre/empowermed-ahl6xm8o7mg/users/mohammad.elaabaribao/NoahMP_Morocco/experiments/NorthMor/matrix_2016/OPL_noirr_2016/output/2016-*/SURFACEMODEL/2016*/LIS_HIST*.nc,SnowDepth_tavg,"('north_south', 'east_west')",m,snow depth,LIS_HIST_201601020000.d01.nc,LIS_HIST_201612310000.d01.nc,Compute omitted (too slow),Compute omitted (too slow),Compute omitted
OPL_noirr_2016,/home/mohammad.elaabaribao/lustre/empowermed-ahl6xm8o7mg/users/mohammad.elaabaribao/NoahMP_Morocco/experiments/NorthMor/matrix_2016/OPL_noirr_2016/output/2016-*/SURFACEMODEL/2016*/LIS_HIST*.nc,SoilMoist_tavg,"('SoilMoist_profiles', 'north_south', 'east_west')",m^3 m-3,soil moisture content,LIS_HIST_201601020000.d01.nc,LIS_HIST_201612310000.d01.nc,Compute omitted (too slow),Compute omitted (too slow),Compute omitted
OPL_noirr_2016,/home/mohammad.elaabaribao/lustre/empowermed-ahl6xm8o7mg/users/mohammad.elaabaribao/NoahMP_Morocco/experiments/NorthMor/matrix_2016/OPL_noirr_2016/output/2016-*/SURFACEMODEL/2016*/LIS_HIST*.nc,SoilTemp_tavg,"('SoilTemp_profiles', 'north_south', 'east_west')",K,soil temperature,LIS_HIST_201601020000.d01.nc,LIS_HIST_201612310000.d01.nc,Compute omitted (too slow),Compute omitted (too slow),Compute omitted
OPL_noirr_2016,/home/mohammad.elaabaribao/lustre/empowermed-ahl6xm8o7mg/users/mohammad.elaabaribao/NoahMP_Morocco/experiments/NorthMor/matrix_2016/OPL_noirr_2016/output/2016-*/SURFACEMODEL/2016*/LIS_HIST*.nc,PotEvap_tavg,"('north_south', 'east_west')",kg m-2 s-1,potential evapotranspiration,LIS_HIST_201601020000.d01.nc,LIS_HIST_201612310000.d01.nc,Compute omitted (too slow),Compute omitted (too slow),Compute omitted
OPL_noirr_2016,/home/mohammad.elaabaribao/lustre/empowermed-ahl6xm8o7mg/users/mohammad.elaabaribao/NoahMP_Morocco/experiments/NorthMor/matrix_2016/OPL_noirr_2016/output/2016-*/SURFACEMODEL/2016*/LIS_HIST*.nc,ECanop_tavg,"('north_south', 'east_west')",kg m-2 s-1,interception evaporation,LIS_HIST_201601020000.d01.nc,LIS_HIST_201612310000.d01.nc,Compute omitted (too slow),Compute omitted (too slow),Compute omitted
OPL_noirr_2016,/home/mohammad.elaabaribao/lustre/empowermed-ahl6xm8o7mg/users/mohammad.elaabaribao/NoahMP_Morocco/experiments/NorthMor/matrix_2016/OPL_noirr_2016/output/2016-*/SURFACEMODEL/2016*/LIS_HIST*.nc,TVeg_tavg,"('north_south', 'east_west')",kg m-2 s-1,vegetation transpiration,LIS_HIST_201601020000.d01.nc,LIS_HIST_201612310000.d01.nc,Compute omitted (too slow),Compute omitted (too slow),Compute omitted
OPL_noirr_2016,/home/mohammad.elaabaribao/lustre/empowermed-ahl6xm8o7mg/users/mohammad.elaabaribao/NoahMP_Morocco/experiments/NorthMor/matrix_2016/OPL_noirr_2016/output/2016-*/SURFACEMODEL/2016*/LIS_HIST*.nc,ESoil_tavg,"('north_south', 'east_west')",kg m-2 s-1,bare soil evaporation,LIS_HIST_201601020000.d01.nc,LIS_HIST_201612310000.d01.nc,Compute omitted (too slow),Compute omitted (too slow),Compute omitted
OPL_noirr_2016,/home/mohammad.elaabaribao/lustre/empowermed-ahl6xm8o7mg/users/mohammad.elaabaribao/NoahMP_Morocco/experiments/NorthMor/matrix_2016/OPL_noirr_2016/output/2016-*/SURFACEMODEL/2016*/LIS_HIST*.nc,CanopInt_tavg,"('north_south', 'east_west')",kg m-2,total canopy water storage,LIS_HIST_201601020000.d01.nc,LIS_HIST_201612310000.d01.nc,Compute omitted (too slow),Compute omitted (too slow),Compute omitted
OPL_noirr_2016,/home/mohammad.elaabaribao/lustre/empowermed-ahl6xm8o7mg/users/mohammad.elaabaribao/NoahMP_Morocco/experiments/NorthMor/matrix_2016/OPL_noirr_2016/output/2016-*/SURFACEMODEL/2016*/LIS_HIST*.nc,SubSnow_tavg,"('north_south', 'east_west')",kg m-2 s-1,snow sublimation,LIS_HIST_201601020000.d01.nc,LIS_HIST_201612310000.d01.nc,Compute omitted (too slow),Compute omitted (too slow),Compute omitted
OPL_noirr_2016,/home/mohammad.elaabaribao/lustre/empowermed-ahl6xm8o7mg/users/mohammad.elaabaribao/NoahMP_Morocco/experiments/NorthMor/matrix_2016/OPL_noirr_2016/output/2016-*/SURFACEMODEL/2016*/LIS_HIST*.nc,WaterTableD_tavg,"('north_south', 'east_west')",m,water table depth,LIS_HIST_201601020000.d01.nc,LIS_HIST_201612310000.d01.nc,Compute omitted (too slow),Compute omitted (too slow),Compute omitted
OPL_noirr_2016,/home/mohammad.elaabaribao/lustre/empowermed-ahl6xm8o7mg/users/mohammad.elaabaribao/NoahMP_Morocco/experiments/NorthMor/matrix_2016/OPL_noirr_2016/output/2016-*/SURFACEMODEL/2016*/LIS_HIST*.nc,TWS_tavg,"('north_south', 'east_west')",mm,terrestrial water storage,LIS_HIST_201601020000.d01.nc,LIS_HIST_201612310000.d01.nc,Compute omitted (too slow),Compute omitted (too slow),Compute omitted
OPL_noirr_2016,/home/mohammad.elaabaribao/lustre/empowermed-ahl6xm8o7mg/users/mohammad.elaabaribao/NoahMP_Morocco/experiments/NorthMor/matrix_2016/OPL_noirr_2016/output/2016-*/SURFACEMODEL/2016*/LIS_HIST*.nc,GWS_tavg,"('north_south', 'east_west')",mm,ground water storage,LIS_HIST_201601020000.d01.nc,LIS_HIST_201612310000.d01.nc,Compute omitted (too slow),Compute omitted (too slow),Compute omitted
OPL_noirr_2016,/home/mohammad.elaabaribao/lustre/empowermed-ahl6xm8o7mg/users/mohammad.elaabaribao/NoahMP_Morocco/experiments/NorthMor/matrix_2016/OPL_noirr_2016/output/2016-*/SURFACEMODEL/2016*/LIS_HIST*.nc,Snowcover_tavg,"('north_south', 'east_west')",-,snow cover,LIS_HIST_201601020000.d01.nc,LIS_HIST_201612310000.d01.nc,Compute omitted (too slow),Compute omitted (too slow),Compute omitted
OPL_noirr_2016,/home/mohammad.elaabaribao/lustre/empowermed-ahl6xm8o7mg/users/mohammad.elaabaribao/NoahMP_Morocco/experiments/NorthMor/matrix_2016/OPL_noirr_2016/output/2016-*/SURFACEMODEL/2016*/LIS_HIST*.nc,GPP_tavg,"('north_south', 'east_west')",g m-2 s-1,gross primary production,LIS_HIST_201601020000.d01.nc,LIS_HIST_201612310000.d01.nc,Compute omitted (too slow),Compute omitted (too slow),Compute omitted
OPL_noirr_2016,/home/mohammad.elaabaribao/lustre/empowermed-ahl6xm8o7mg/users/mohammad.elaabaribao/NoahMP_Morocco/experiments/NorthMor/matrix_2016/OPL_noirr_2016/output/2016-*/SURFACEMODEL/2016*/LIS_HIST*.nc,NPP_tavg,"('north_south', 'east_west')",g m-2 s-1,net primary productivity,LIS_HIST_201601020000.d01.nc,LIS_HIST_201612310000.d01.nc,Compute omitted (too slow),Compute omitted (too slow),Compute omitted
OPL_noirr_2016,/home/mohammad.elaabaribao/lustre/empowermed-ahl6xm8o7mg/users/mohammad.elaabaribao/NoahMP_Morocco/experiments/NorthMor/matrix_2016/OPL_noirr_2016/output/2016-*/SURFACEMODEL/2016*/LIS_HIST*.nc,Wind_f_tavg,"('north_south', 'east_west')",m s-1,wind speed,LIS_HIST_201601020000.d01.nc,LIS_HIST_201612310000.d01.nc,Compute omitted (too slow),Compute omitted (too slow),Compute omitted
OPL_noirr_2016,/home/mohammad.elaabaribao/lustre/empowermed-ahl6xm8o7mg/users/mohammad.elaabaribao/NoahMP_Morocco/experiments/NorthMor/matrix_2016/OPL_noirr_2016/output/2016-*/SURFACEMODEL/2016*/LIS_HIST*.nc,Rainf_f_tavg,"('north_south', 'east_west')",kg m-2 s-1,rainfall flux,LIS_HIST_201601020000.d01.nc,LIS_HIST_201612310000.d01.nc,Compute omitted (too slow),Compute omitted (too slow),Compute omitted
OPL_noirr_2016,/home/mohammad.elaabaribao/lustre/empowermed-ahl6xm8o7mg/users/mohammad.elaabaribao/NoahMP_Morocco/experiments/NorthMor/matrix_2016/OPL_noirr_2016/output/2016-*/SURFACEMODEL/2016*/LIS_HIST*.nc,Tair_f_tavg,"('north_south', 'east_west')",K,air temperature,LIS_HIST_201601020000.d01.nc,LIS_HIST_201612310000.d01.nc,Compute omitted (too slow),Compute omitted (too slow),Compute omitted
OPL_noirr_2016,/home/mohammad.elaabaribao/lustre/empowermed-ahl6xm8o7mg/users/mohammad.elaabaribao/NoahMP_Morocco/experiments/NorthMor/matrix_2016/OPL_noirr_2016/output/2016-*/SURFACEMODEL/2016*/LIS_HIST*.nc,Qair_f_tavg,"('north_south', 'east_west')",kg kg-1,specific humidity,LIS_HIST_201601020000.d01.nc,LIS_HIST_201612310000.d01.nc,Compute omitted (too slow),Compute omitted (too slow),Compute omitted
OPL_noirr_2016,/home/mohammad.elaabaribao/lustre/empowermed-ahl6xm8o7mg/users/mohammad.elaabaribao/NoahMP_Morocco/experiments/NorthMor/matrix_2016/OPL_noirr_2016/output/2016-*/SURFACEMODEL/2016*/LIS_HIST*.nc,Psurf_f_tavg,"('north_south', 'east_west')",Pa,surface pressure,LIS_HIST_201601020000.d01.nc,LIS_HIST_201612310000.d01.nc,Compute omitted (too slow),Compute omitted (too slow),Compute omitted
OPL_noirr_2016,/home/mohammad.elaabaribao/lustre/empowermed-ahl6xm8o7mg/users/mohammad.elaabaribao/NoahMP_Morocco/experiments/NorthMor/matrix_2016/OPL_noirr_2016/output/2016-*/SURFACEMODEL/2016*/LIS_HIST*.nc,SWdown_f_tavg,"('north_south', 'east_west')",W m-2,surface downward shortwave radiation,LIS_HIST_201601020000.d01.nc,LIS_HIST_201612310000.d01.nc,Compute omitted (too slow),Compute omitted (too slow),Compute omitted
OPL_noirr_2016,/home/mohammad.elaabaribao/lustre/empowermed-ahl6xm8o7mg/users/mohammad.elaabaribao/NoahMP_Morocco/experiments/NorthMor/matrix_2016/OPL_noirr_2016/output/2016-*/SURFACEMODEL/2016*/LIS_HIST*.nc,LWdown_f_tavg,"('north_south', 'east_west')",W m-2,surface downward longwave radiation,LIS_HIST_201601020000.d01.nc,LIS_HIST_201612310000.d01.nc,Compute omitted (too slow),Compute omitted (too slow),Compute omitted
OPL_noirr_2016,/home/mohammad.elaabaribao/lustre/empowermed-ahl6xm8o7mg/users/mohammad.elaabaribao/NoahMP_Morocco/experiments/NorthMor/matrix_2016/OPL_noirr_2016/output/2016-*/SURFACEMODEL/2016*/LIS_HIST*.nc,LAI_tavg,"('north_south', 'east_west')",-,leaf area index,LIS_HIST_201601020000.d01.nc,LIS_HIST_201612310000.d01.nc,Compute omitted (too slow),Compute omitted (too slow),Compute omitted
OPL_noirr_2016,/home/mohammad.elaabaribao/lustre/empowermed-ahl6xm8o7mg/users/mohammad.elaabaribao/NoahMP_Morocco/experiments/NorthMor/matrix_2016/OPL_noirr_2016/output/2016-*/SURFACEMODEL/2016*/LIS_HIST*.nc,SAI_tavg,"('north_south', 'east_west')",-,stem area index,LIS_HIST_201601020000.d01.nc,LIS_HIST_201612310000.d01.nc,Compute omitted (too slow),Compute omitted (too slow),Compute omitted
OPL_noirr_2016,/home/mohammad.elaabaribao/lustre/empowermed-ahl6xm8o7mg/users/mohammad.elaabaribao/NoahMP_Morocco/experiments/NorthMor/matrix_2016/OPL_noirr_2016/output/2016-*/SURFACEMODEL/2016*/LIS_HIST*.nc,Greenness_tavg,"('north_south', 'east_west')",-,green vegetation fraction,LIS_HIST_201601020000.d01.nc,LIS_HIST_201612310000.d01.nc,Compute omitted (too slow),Compute omitted (too slow),Compute omitted
OPL_noirr_2016,/home/mohammad.elaabaribao/lustre/empowermed-ahl6xm8o7mg/users/mohammad.elaabaribao/NoahMP_Morocco/experiments/NorthMor/matrix_2016/OPL_noirr_2016/output/2016-*/SURFACEMODEL/2016*/LIS_HIST*.nc,TotalPrecip_tavg,"('north_south', 'east_west')",kg m-2 s-1,total precipitation amount,LIS_HIST_201601020000.d01.nc,LIS_HIST_201612310000.d01.nc,Compute omitted (too slow),Compute omitted (too slow),Compute omitted
OPL_noirr_2016,/home/mohammad.elaabaribao/lustre/empowermed-ahl6xm8o7mg/users/mohammad.elaabaribao/NoahMP_Morocco/experiments/NorthMor/matrix_2016/OPL_noirr_2016/output/2016-*/SURFACEMODEL/2016*/LIS_HIST*.nc,WT_tavg,"('north_south', 'east_west')",mm,water in aquifer and saturated soil,LIS_HIST_201601020000.d01.nc,LIS_HIST_201612310000.d01.nc,Compute omitted (too slow),Compute omitted (too slow),Compute omitted
OPL_noirr_2016,/home/mohammad.elaabaribao/lustre/empowermed-ahl6xm8o7mg/users/mohammad.elaabaribao/NoahMP_Morocco/experiments/NorthMor/matrix_2016/OPL_noirr_2016/output/2016-*/SURFACEMODEL/2016*/LIS_HIST*.nc,LeafMass_tavg,"('north_south', 'east_west')",g m-2,leaf mass,LIS_HIST_201601020000.d01.nc,LIS_HIST_201612310000.d01.nc,Compute omitted (too slow),Compute omitted (too slow),Compute omitted
OPL_noirr_2016,/home/mohammad.elaabaribao/lustre/empowermed-ahl6xm8o7mg/users/mohammad.elaabaribao/NoahMP_Morocco/experiments/NorthMor/matrix_2016/OPL_noirr_2016/output/2016-*/SURFACEMODEL/2016*/LIS_HIST*.nc,RootMass_tavg,"('north_south', 'east_west')",g m-2,mass of fine roots,LIS_HIST_201601020000.d01.nc,LIS_HIST_201612310000.d01.nc,Compute omitted (too slow),Compute omitted (too slow),Compute omitted
OPL_noirr_2016,/home/mohammad.elaabaribao/lustre/empowermed-ahl6xm8o7mg/users/mohammad.elaabaribao/NoahMP_Morocco/experiments/NorthMor/matrix_2016/OPL_noirr_2016/output/2016-*/SURFACEMODEL/2016*/LIS_HIST*.nc,StemMass_tavg,"('north_south', 'east_west')",g m-2,mass of wood stem,LIS_HIST_201601020000.d01.nc,LIS_HIST_201612310000.d01.nc,Compute omitted (too slow),Compute omitted (too slow),Compute omitted
DA_smap_nocdf_noirr_2016,/home/mohammad.elaabaribao/lustre/empowermed-ahl6xm8o7mg/users/mohammad.elaabaribao/NoahMP_Morocco/experiments/NorthMor/matrix_2016/DA_nocdf_noirr_2016/output/2016-*/SURFACEMODEL/2016*/LIS_HIST*.nc,Swnet_tavg,"('north_south', 'east_west')",W m-2,net downward shortwave radiation,LIS_HIST_201601020000.d01.nc,LIS_HIST_201612310000.d01.nc,Compute omitted (too slow),Compute omitted (too slow),Compute omitted
DA_smap_nocdf_noirr_2016,/home/mohammad.elaabaribao/lustre/empowermed-ahl6xm8o7mg/users/mohammad.elaabaribao/NoahMP_Morocco/experiments/NorthMor/matrix_2016/DA_nocdf_noirr_2016/output/2016-*/SURFACEMODEL/2016*/LIS_HIST*.nc,Lwnet_tavg,"('north_south', 'east_west')",W m-2,net downward longwave radiation,LIS_HIST_201601020000.d01.nc,LIS_HIST_201612310000.d01.nc,Compute omitted (too slow),Compute omitted (too slow),Compute omitted
DA_smap_nocdf_noirr_2016,/home/mohammad.elaabaribao/lustre/empowermed-ahl6xm8o7mg/users/mohammad.elaabaribao/NoahMP_Morocco/experiments/NorthMor/matrix_2016/DA_nocdf_noirr_2016/output/2016-*/SURFACEMODEL/2016*/LIS_HIST*.nc,Qle_tavg,"('north_south', 'east_west')",W m-2,latent heat flux,LIS_HIST_201601020000.d01.nc,LIS_HIST_201612310000.d01.nc,Compute omitted (too slow),Compute omitted (too slow),Compute omitted
DA_smap_nocdf_noirr_2016,/home/mohammad.elaabaribao/lustre/empowermed-ahl6xm8o7mg/users/mohammad.elaabaribao/NoahMP_Morocco/experiments/NorthMor/matrix_2016/DA_nocdf_noirr_2016/output/2016-*/SURFACEMODEL/2016*/LIS_HIST*.nc,Qh_tavg,"('north_south', 'east_west')",W m-2,sensible heat flux,LIS_HIST_201601020000.d01.nc,LIS_HIST_201612310000.d01.nc,Compute omitted (too slow),Compute omitted (too slow),Compute omitted
DA_smap_nocdf_noirr_2016,/home/mohammad.elaabaribao/lustre/empowermed-ahl6xm8o7mg/users/mohammad.elaabaribao/NoahMP_Morocco/experiments/NorthMor/matrix_2016/DA_nocdf_noirr_2016/output/2016-*/SURFACEMODEL/2016*/LIS_HIST*.nc,Qg_tavg,"('north_south', 'east_west')",W m-2,soil heat flux,LIS_HIST_201601020000.d01.nc,LIS_HIST_201612310000.d01.nc,Compute omitted (too slow),Compute omitted (too slow),Compute omitted
DA_smap_nocdf_noirr_2016,/home/mohammad.elaabaribao/lustre/empowermed-ahl6xm8o7mg/users/mohammad.elaabaribao/NoahMP_Morocco/experiments/NorthMor/matrix_2016/DA_nocdf_noirr_2016/output/2016-*/SURFACEMODEL/2016*/LIS_HIST*.nc,Snowf_tavg,"('north_south', 'east_west')",kg m-2 s-1,snowfall rate,LIS_HIST_201601020000.d01.nc,LIS_HIST_201612310000.d01.nc,Compute omitted (too slow),Compute omitted (too slow),Compute omitted
DA_smap_nocdf_noirr_2016,/home/mohammad.elaabaribao/lustre/empowermed-ahl6xm8o7mg/users/mohammad.elaabaribao/NoahMP_Morocco/experiments/NorthMor/matrix_2016/DA_nocdf_noirr_2016/output/2016-*/SURFACEMODEL/2016*/LIS_HIST*.nc,Rainf_tavg,"('north_south', 'east_west')",kg m-2 s-1,precipitation rate,LIS_HIST_201601020000.d01.nc,LIS_HIST_201612310000.d01.nc,Compute omitted (too slow),Compute omitted (too slow),Compute omitted
DA_smap_nocdf_noirr_2016,/home/mohammad.elaabaribao/lustre/empowermed-ahl6xm8o7mg/users/mohammad.elaabaribao/NoahMP_Morocco/experiments/NorthMor/matrix_2016/DA_nocdf_noirr_2016/output/2016-*/SURFACEMODEL/2016*/LIS_HIST*.nc,Evap_tavg,"('north_south', 'east_west')",kg m-2 s-1,total evapotranspiration,LIS_HIST_201601020000.d01.nc,LIS_HIST_201612310000.d01.nc,Compute omitted (too slow),Compute omitted (too slow),Compute omitted
DA_smap_nocdf_noirr_2016,/home/mohammad.elaabaribao/lustre/empowermed-ahl6xm8o7mg/users/mohammad.elaabaribao/NoahMP_Morocco/experiments/NorthMor/matrix_2016/DA_nocdf_noirr_2016/output/2016-*/SURFACEMODEL/2016*/LIS_HIST*.nc,Qs_tavg,"('north_south', 'east_west')",kg m-2 s-1,surface runoff,LIS_HIST_201601020000.d01.nc,LIS_HIST_201612310000.d01.nc,Compute omitted (too slow),Compute omitted (too slow),Compute omitted
DA_smap_nocdf_noirr_2016,/home/mohammad.elaabaribao/lustre/empowermed-ahl6xm8o7mg/users/mohammad.elaabaribao/NoahMP_Morocco/experiments/NorthMor/matrix_2016/DA_nocdf_noirr_2016/output/2016-*/SURFACEMODEL/2016*/LIS_HIST*.nc,Qsb_tavg,"('north_south', 'east_west')",kg m-2 s-1,subsurface runoff amount,LIS_HIST_201601020000.d01.nc,LIS_HIST_201612310000.d01.nc,Compute omitted (too slow),Compute omitted (too slow),Compute omitted
DA_smap_nocdf_noirr_2016,/home/mohammad.elaabaribao/lustre/empowermed-ahl6xm8o7mg/users/mohammad.elaabaribao/NoahMP_Morocco/experiments/NorthMor/matrix_2016/DA_nocdf_noirr_2016/output/2016-*/SURFACEMODEL/2016*/LIS_HIST*.nc,Qsm_tavg,"('north_south', 'east_west')",kg m-2 s-1,snowmelt,LIS_HIST_201601020000.d01.nc,LIS_HIST_201612310000.d01.nc,Compute omitted (too slow),Compute omitted (too slow),Compute omitted
DA_smap_nocdf_noirr_2016,/home/mohammad.elaabaribao/lustre/empowermed-ahl6xm8o7mg/users/mohammad.elaabaribao/NoahMP_Morocco/experiments/NorthMor/matrix_2016/DA_nocdf_noirr_2016/output/2016-*/SURFACEMODEL/2016*/LIS_HIST*.nc,VegT_tavg,"('north_south', 'east_west')",K,canopy temperature,LIS_HIST_201601020000.d01.nc,LIS_HIST_201612310000.d01.nc,Compute omitted (too slow),Compute omitted (too slow),Compute omitted
DA_smap_nocdf_noirr_2016,/home/mohammad.elaabaribao/lustre/empowermed-ahl6xm8o7mg/users/mohammad.elaabaribao/NoahMP_Morocco/experiments/NorthMor/matrix_2016/DA_nocdf_noirr_2016/output/2016-*/SURFACEMODEL/2016*/LIS_HIST*.nc,BareSoilT_tavg,"('north_south', 'east_west')",K,bare soil temperature,LIS_HIST_201601020000.d01.nc,LIS_HIST_201612310000.d01.nc,Compute omitted (too slow),Compute omitted (too slow),Compute omitted
DA_smap_nocdf_noirr_2016,/home/mohammad.elaabaribao/lustre/empowermed-ahl6xm8o7mg/users/mohammad.elaabaribao/NoahMP_Morocco/experiments/NorthMor/matrix_2016/DA_nocdf_noirr_2016/output/2016-*/SURFACEMODEL/2016*/LIS_HIST*.nc,AvgSurfT_tavg,"('north_south', 'east_west')",K,surface temperature,LIS_HIST_201601020000.d01.nc,LIS_HIST_201612310000.d01.nc,Compute omitted (too slow),Compute omitted (too slow),Compute omitted
DA_smap_nocdf_noirr_2016,/home/mohammad.elaabaribao/lustre/empowermed-ahl6xm8o7mg/users/mohammad.elaabaribao/NoahMP_Morocco/experiments/NorthMor/matrix_2016/DA_nocdf_noirr_2016/output/2016-*/SURFACEMODEL/2016*/LIS_HIST*.nc,RadT_tavg,"('north_south', 'east_west')",K,surface radiative temperature,LIS_HIST_201601020000.d01.nc,LIS_HIST_201612310000.d01.nc,Compute omitted (too slow),Compute omitted (too slow),Compute omitted
DA_smap_nocdf_noirr_2016,/home/mohammad.elaabaribao/lustre/empowermed-ahl6xm8o7mg/users/mohammad.elaabaribao/NoahMP_Morocco/experiments/NorthMor/matrix_2016/DA_nocdf_noirr_2016/output/2016-*/SURFACEMODEL/2016*/LIS_HIST*.nc,SWE_tavg,"('north_south', 'east_west')",kg m-2,snow water equivalent,LIS_HIST_201601020000.d01.nc,LIS_HIST_201612310000.d01.nc,Compute omitted (too slow),Compute omitted (too slow),Compute omitted
DA_smap_nocdf_noirr_2016,/home/mohammad.elaabaribao/lustre/empowermed-ahl6xm8o7mg/users/mohammad.elaabaribao/NoahMP_Morocco/experiments/NorthMor/matrix_2016/DA_nocdf_noirr_2016/output/2016-*/SURFACEMODEL/2016*/LIS_HIST*.nc,SnowDepth_tavg,"('north_south', 'east_west')",m,snow depth,LIS_HIST_201601020000.d01.nc,LIS_HIST_201612310000.d01.nc,Compute omitted (too slow),Compute omitted (too slow),Compute omitted
DA_smap_nocdf_noirr_2016,/home/mohammad.elaabaribao/lustre/empowermed-ahl6xm8o7mg/users/mohammad.elaabaribao/NoahMP_Morocco/experiments/NorthMor/matrix_2016/DA_nocdf_noirr_2016/output/2016-*/SURFACEMODEL/2016*/LIS_HIST*.nc,SoilMoist_tavg,"('SoilMoist_profiles', 'north_south', 'east_west')",m^3 m-3,soil moisture content,LIS_HIST_201601020000.d01.nc,LIS_HIST_201612310000.d01.nc,Compute omitted (too slow),Compute omitted (too slow),Compute omitted
DA_smap_nocdf_noirr_2016,/home/mohammad.elaabaribao/lustre/empowermed-ahl6xm8o7mg/users/mohammad.elaabaribao/NoahMP_Morocco/experiments/NorthMor/matrix_2016/DA_nocdf_noirr_2016/output/2016-*/SURFACEMODEL/2016*/LIS_HIST*.nc,SoilTemp_tavg,"('SoilTemp_profiles', 'north_south', 'east_west')",K,soil temperature,LIS_HIST_201601020000.d01.nc,LIS_HIST_201612310000.d01.nc,Compute omitted (too slow),Compute omitted (too slow),Compute omitted
DA_smap_nocdf_noirr_2016,/home/mohammad.elaabaribao/lustre/empowermed-ahl6xm8o7mg/users/mohammad.elaabaribao/NoahMP_Morocco/experiments/NorthMor/matrix_2016/DA_nocdf_noirr_2016/output/2016-*/SURFACEMODEL/2016*/LIS_HIST*.nc,PotEvap_tavg,"('north_south', 'east_west')",kg m-2 s-1,potential evapotranspiration,LIS_HIST_201601020000.d01.nc,LIS_HIST_201612310000.d01.nc,Compute omitted (too slow),Compute omitted (too slow),Compute omitted
DA_smap_nocdf_noirr_2016,/home/mohammad.elaabaribao/lustre/empowermed-ahl6xm8o7mg/users/mohammad.elaabaribao/NoahMP_Morocco/experiments/NorthMor/matrix_2016/DA_nocdf_noirr_2016/output/2016-*/SURFACEMODEL/2016*/LIS_HIST*.nc,ECanop_tavg,"('north_south', 'east_west')",kg m-2 s-1,interception evaporation,LIS_HIST_201601020000.d01.nc,LIS_HIST_201612310000.d01.nc,Compute omitted (too slow),Compute omitted (too slow),Compute omitted
DA_smap_nocdf_noirr_2016,/home/mohammad.elaabaribao/lustre/empowermed-ahl6xm8o7mg/users/mohammad.elaabaribao/NoahMP_Morocco/experiments/NorthMor/matrix_2016/DA_nocdf_noirr_2016/output/2016-*/SURFACEMODEL/2016*/LIS_HIST*.nc,TVeg_tavg,"('north_south', 'east_west')",kg m-2 s-1,vegetation transpiration,LIS_HIST_201601020000.d01.nc,LIS_HIST_201612310000.d01.nc,Compute omitted (too slow),Compute omitted (too slow),Compute omitted
DA_smap_nocdf_noirr_2016,/home/mohammad.elaabaribao/lustre/empowermed-ahl6xm8o7mg/users/mohammad.elaabaribao/NoahMP_Morocco/experiments/NorthMor/matrix_2016/DA_nocdf_noirr_2016/output/2016-*/SURFACEMODEL/2016*/LIS_HIST*.nc,ESoil_tavg,"('north_south', 'east_west')",kg m-2 s-1,bare soil evaporation,LIS_HIST_201601020000.d01.nc,LIS_HIST_201612310000.d01.nc,Compute omitted (too slow),Compute omitted (too slow),Compute omitted
DA_smap_nocdf_noirr_2016,/home/mohammad.elaabaribao/lustre/empowermed-ahl6xm8o7mg/users/mohammad.elaabaribao/NoahMP_Morocco/experiments/NorthMor/matrix_2016/DA_nocdf_noirr_2016/output/2016-*/SURFACEMODEL/2016*/LIS_HIST*.nc,CanopInt_tavg,"('north_south', 'east_west')",kg m-2,total canopy water storage,LIS_HIST_201601020000.d01.nc,LIS_HIST_201612310000.d01.nc,Compute omitted (too slow),Compute omitted (too slow),Compute omitted
DA_smap_nocdf_noirr_2016,/home/mohammad.elaabaribao/lustre/empowermed-ahl6xm8o7mg/users/mohammad.elaabaribao/NoahMP_Morocco/experiments/NorthMor/matrix_2016/DA_nocdf_noirr_2016/output/2016-*/SURFACEMODEL/2016*/LIS_HIST*.nc,SubSnow_tavg,"('north_south', 'east_west')",kg m-2 s-1,snow sublimation,LIS_HIST_201601020000.d01.nc,LIS_HIST_201612310000.d01.nc,Compute omitted (too slow),Compute omitted (too slow),Compute omitted
DA_smap_nocdf_noirr_2016,/home/mohammad.elaabaribao/lustre/empowermed-ahl6xm8o7mg/users/mohammad.elaabaribao/NoahMP_Morocco/experiments/NorthMor/matrix_2016/DA_nocdf_noirr_2016/output/2016-*/SURFACEMODEL/2016*/LIS_HIST*.nc,WaterTableD_tavg,"('north_south', 'east_west')",m,water table depth,LIS_HIST_201601020000.d01.nc,LIS_HIST_201612310000.d01.nc,Compute omitted (too slow),Compute omitted (too slow),Compute omitted
DA_smap_nocdf_noirr_2016,/home/mohammad.elaabaribao/lustre/empowermed-ahl6xm8o7mg/users/mohammad.elaabaribao/NoahMP_Morocco/experiments/NorthMor/matrix_2016/DA_nocdf_noirr_2016/output/2016-*/SURFACEMODEL/2016*/LIS_HIST*.nc,TWS_tavg,"('north_south', 'east_west')",mm,terrestrial water storage,LIS_HIST_201601020000.d01.nc,LIS_HIST_201612310000.d01.nc,Compute omitted (too slow),Compute omitted (too slow),Compute omitted
DA_smap_nocdf_noirr_2016,/home/mohammad.elaabaribao/lustre/empowermed-ahl6xm8o7mg/users/mohammad.elaabaribao/NoahMP_Morocco/experiments/NorthMor/matrix_2016/DA_nocdf_noirr_2016/output/2016-*/SURFACEMODEL/2016*/LIS_HIST*.nc,GWS_tavg,"('north_south', 'east_west')",mm,ground water storage,LIS_HIST_201601020000.d01.nc,LIS_HIST_201612310000.d01.nc,Compute omitted (too slow),Compute omitted (too slow),Compute omitted
DA_smap_nocdf_noirr_2016,/home/mohammad.elaabaribao/lustre/empowermed-ahl6xm8o7mg/users/mohammad.elaabaribao/NoahMP_Morocco/experiments/NorthMor/matrix_2016/DA_nocdf_noirr_2016/output/2016-*/SURFACEMODEL/2016*/LIS_HIST*.nc,Snowcover_tavg,"('north_south', 'east_west')",-,snow cover,LIS_HIST_201601020000.d01.nc,LIS_HIST_201612310000.d01.nc,Compute omitted (too slow),Compute omitted (too slow),Compute omitted
DA_smap_nocdf_noirr_2016,/home/mohammad.elaabaribao/lustre/empowermed-ahl6xm8o7mg/users/mohammad.elaabaribao/NoahMP_Morocco/experiments/NorthMor/matrix_2016/DA_nocdf_noirr_2016/output/2016-*/SURFACEMODEL/2016*/LIS_HIST*.nc,GPP_tavg,"('north_south', 'east_west')",g m-2 s-1,gross primary production,LIS_HIST_201601020000.d01.nc,LIS_HIST_201612310000.d01.nc,Compute omitted (too slow),Compute omitted (too slow),Compute omitted
DA_smap_nocdf_noirr_2016,/home/mohammad.elaabaribao/lustre/empowermed-ahl6xm8o7mg/users/mohammad.elaabaribao/NoahMP_Morocco/experiments/NorthMor/matrix_2016/DA_nocdf_noirr_2016/output/2016-*/SURFACEMODEL/2016*/LIS_HIST*.nc,NPP_tavg,"('north_south', 'east_west')",g m-2 s-1,net primary productivity,LIS_HIST_201601020000.d01.nc,LIS_HIST_201612310000.d01.nc,Compute omitted (too slow),Compute omitted (too slow),Compute omitted
DA_smap_nocdf_noirr_2016,/home/mohammad.elaabaribao/lustre/empowermed-ahl6xm8o7mg/users/mohammad.elaabaribao/NoahMP_Morocco/experiments/NorthMor/matrix_2016/DA_nocdf_noirr_2016/output/2016-*/SURFACEMODEL/2016*/LIS_HIST*.nc,Wind_f_tavg,"('north_south', 'east_west')",m s-1,wind speed,LIS_HIST_201601020000.d01.nc,LIS_HIST_201612310000.d01.nc,Compute omitted (too slow),Compute omitted (too slow),Compute omitted
DA_smap_nocdf_noirr_2016,/home/mohammad.elaabaribao/lustre/empowermed-ahl6xm8o7mg/users/mohammad.elaabaribao/NoahMP_Morocco/experiments/NorthMor/matrix_2016/DA_nocdf_noirr_2016/output/2016-*/SURFACEMODEL/2016*/LIS_HIST*.nc,Rainf_f_tavg,"('north_south', 'east_west')",kg m-2 s-1,rainfall flux,LIS_HIST_201601020000.d01.nc,LIS_HIST_201612310000.d01.nc,Compute omitted (too slow),Compute omitted (too slow),Compute omitted
DA_smap_nocdf_noirr_2016,/home/mohammad.elaabaribao/lustre/empowermed-ahl6xm8o7mg/users/mohammad.elaabaribao/NoahMP_Morocco/experiments/NorthMor/matrix_2016/DA_nocdf_noirr_2016/output/2016-*/SURFACEMODEL/2016*/LIS_HIST*.nc,Tair_f_tavg,"('north_south', 'east_west')",K,air temperature,LIS_HIST_201601020000.d01.nc,LIS_HIST_201612310000.d01.nc,Compute omitted (too slow),Compute omitted (too slow),Compute omitted
DA_smap_nocdf_noirr_2016,/home/mohammad.elaabaribao/lustre/empowermed-ahl6xm8o7mg/users/mohammad.elaabaribao/NoahMP_Morocco/experiments/NorthMor/matrix_2016/DA_nocdf_noirr_2016/output/2016-*/SURFACEMODEL/2016*/LIS_HIST*.nc,Qair_f_tavg,"('north_south', 'east_west')",kg kg-1,specific humidity,LIS_HIST_201601020000.d01.nc,LIS_HIST_201612310000.d01.nc,Compute omitted (too slow),Compute omitted (too slow),Compute omitted
DA_smap_nocdf_noirr_2016,/home/mohammad.elaabaribao/lustre/empowermed-ahl6xm8o7mg/users/mohammad.elaabaribao/NoahMP_Morocco/experiments/NorthMor/matrix_2016/DA_nocdf_noirr_2016/output/2016-*/SURFACEMODEL/2016*/LIS_HIST*.nc,Psurf_f_tavg,"('north_south', 'east_west')",Pa,surface pressure,LIS_HIST_201601020000.d01.nc,LIS_HIST_201612310000.d01.nc,Compute omitted (too slow),Compute omitted (too slow),Compute omitted
DA_smap_nocdf_noirr_2016,/home/mohammad.elaabaribao/lustre/empowermed-ahl6xm8o7mg/users/mohammad.elaabaribao/NoahMP_Morocco/experiments/NorthMor/matrix_2016/DA_nocdf_noirr_2016/output/2016-*/SURFACEMODEL/2016*/LIS_HIST*.nc,SWdown_f_tavg,"('north_south', 'east_west')",W m-2,surface downward shortwave radiation,LIS_HIST_201601020000.d01.nc,LIS_HIST_201612310000.d01.nc,Compute omitted (too slow),Compute omitted (too slow),Compute omitted
DA_smap_nocdf_noirr_2016,/home/mohammad.elaabaribao/lustre/empowermed-ahl6xm8o7mg/users/mohammad.elaabaribao/NoahMP_Morocco/experiments/NorthMor/matrix_2016/DA_nocdf_noirr_2016/output/2016-*/SURFACEMODEL/2016*/LIS_HIST*.nc,LWdown_f_tavg,"('north_south', 'east_west')",W m-2,surface downward longwave radiation,LIS_HIST_201601020000.d01.nc,LIS_HIST_201612310000.d01.nc,Compute omitted (too slow),Compute omitted (too slow),Compute omitted
DA_smap_nocdf_noirr_2016,/home/mohammad.elaabaribao/lustre/empowermed-ahl6xm8o7mg/users/mohammad.elaabaribao/NoahMP_Morocco/experiments/NorthMor/matrix_2016/DA_nocdf_noirr_2016/output/2016-*/SURFACEMODEL/2016*/LIS_HIST*.nc,LAI_tavg,"('north_south', 'east_west')",-,leaf area index,LIS_HIST_201601020000.d01.nc,LIS_HIST_201612310000.d01.nc,Compute omitted (too slow),Compute omitted (too slow),Compute omitted
DA_smap_nocdf_noirr_2016,/home/mohammad.elaabaribao/lustre/empowermed-ahl6xm8o7mg/users/mohammad.elaabaribao/NoahMP_Morocco/experiments/NorthMor/matrix_2016/DA_nocdf_noirr_2016/output/2016-*/SURFACEMODEL/2016*/LIS_HIST*.nc,SAI_tavg,"('north_south', 'east_west')",-,stem area index,LIS_HIST_201601020000.d01.nc,LIS_HIST_201612310000.d01.nc,Compute omitted (too slow),Compute omitted (too slow),Compute omitted
DA_smap_nocdf_noirr_2016,/home/mohammad.elaabaribao/lustre/empowermed-ahl6xm8o7mg/users/mohammad.elaabaribao/NoahMP_Morocco/experiments/NorthMor/matrix_2016/DA_nocdf_noirr_2016/output/2016-*/SURFACEMODEL/2016*/LIS_HIST*.nc,Greenness_tavg,"('north_south', 'east_west')",-,green vegetation fraction,LIS_HIST_201601020000.d01.nc,LIS_HIST_201612310000.d01.nc,Compute omitted (too slow),Compute omitted (too slow),Compute omitted
DA_smap_nocdf_noirr_2016,/home/mohammad.elaabaribao/lustre/empowermed-ahl6xm8o7mg/users/mohammad.elaabaribao/NoahMP_Morocco/experiments/NorthMor/matrix_2016/DA_nocdf_noirr_2016/output/2016-*/SURFACEMODEL/2016*/LIS_HIST*.nc,TotalPrecip_tavg,"('north_south', 'east_west')",kg m-2 s-1,total precipitation amount,LIS_HIST_201601020000.d01.nc,LIS_HIST_201612310000.d01.nc,Compute omitted (too slow),Compute omitted (too slow),Compute omitted
DA_smap_nocdf_noirr_2016,/home/mohammad.elaabaribao/lustre/empowermed-ahl6xm8o7mg/users/mohammad.elaabaribao/NoahMP_Morocco/experiments/NorthMor/matrix_2016/DA_nocdf_noirr_2016/output/2016-*/SURFACEMODEL/2016*/LIS_HIST*.nc,WT_tavg,"('north_south', 'east_west')",mm,water in aquifer and saturated soil,LIS_HIST_201601020000.d01.nc,LIS_HIST_201612310000.d01.nc,Compute omitted (too slow),Compute omitted (too slow),Compute omitted
DA_smap_nocdf_noirr_2016,/home/mohammad.elaabaribao/lustre/empowermed-ahl6xm8o7mg/users/mohammad.elaabaribao/NoahMP_Morocco/experiments/NorthMor/matrix_2016/DA_nocdf_noirr_2016/output/2016-*/SURFACEMODEL/2016*/LIS_HIST*.nc,LeafMass_tavg,"('north_south', 'east_west')",g m-2,leaf mass,LIS_HIST_201601020000.d01.nc,LIS_HIST_201612310000.d01.nc,Compute omitted (too slow),Compute omitted (too slow),Compute omitted
DA_smap_nocdf_noirr_2016,/home/mohammad.elaabaribao/lustre/empowermed-ahl6xm8o7mg/users/mohammad.elaabaribao/NoahMP_Morocco/experiments/NorthMor/matrix_2016/DA_nocdf_noirr_2016/output/2016-*/SURFACEMODEL/2016*/LIS_HIST*.nc,RootMass_tavg,"('north_south', 'east_west')",g m-2,mass of fine roots,LIS_HIST_201601020000.d01.nc,LIS_HIST_201612310000.d01.nc,Compute omitted (too slow),Compute omitted (too slow),Compute omitted
DA_smap_nocdf_noirr_2016,/home/mohammad.elaabaribao/lustre/empowermed-ahl6xm8o7mg/users/mohammad.elaabaribao/NoahMP_Morocco/experiments/NorthMor/matrix_2016/DA_nocdf_noirr_2016/output/2016-*/SURFACEMODEL/2016*/LIS_HIST*.nc,StemMass_tavg,"('north_south', 'east_west')",g m-2,mass of wood stem,LIS_HIST_201601020000.d01.nc,LIS_HIST_201612310000.d01.nc,Compute omitted (too slow),Compute omitted (too slow),Compute omitted
DA_smap_cdf_noirr_2016,/home/mohammad.elaabaribao/lustre/empowermed-ahl6xm8o7mg/users/mohammad.elaabaribao/NoahMP_Morocco/experiments/NorthMor/matrix_2016/DA_cdf_noirr_2016/output/2016-*/SURFACEMODEL/2016*/LIS_HIST*.nc,Swnet_tavg,"('north_south', 'east_west')",W m-2,net downward shortwave radiation,LIS_HIST_201601020000.d01.nc,LIS_HIST_201612310000.d01.nc,Compute omitted (too slow),Compute omitted (too slow),Compute omitted
DA_smap_cdf_noirr_2016,/home/mohammad.elaabaribao/lustre/empowermed-ahl6xm8o7mg/users/mohammad.elaabaribao/NoahMP_Morocco/experiments/NorthMor/matrix_2016/DA_cdf_noirr_2016/output/2016-*/SURFACEMODEL/2016*/LIS_HIST*.nc,Lwnet_tavg,"('north_south', 'east_west')",W m-2,net downward longwave radiation,LIS_HIST_201601020000.d01.nc,LIS_HIST_201612310000.d01.nc,Compute omitted (too slow),Compute omitted (too slow),Compute omitted
DA_smap_cdf_noirr_2016,/home/mohammad.elaabaribao/lustre/empowermed-ahl6xm8o7mg/users/mohammad.elaabaribao/NoahMP_Morocco/experiments/NorthMor/matrix_2016/DA_cdf_noirr_2016/output/2016-*/SURFACEMODEL/2016*/LIS_HIST*.nc,Qle_tavg,"('north_south', 'east_west')",W m-2,latent heat flux,LIS_HIST_201601020000.d01.nc,LIS_HIST_201612310000.d01.nc,Compute omitted (too slow),Compute omitted (too slow),Compute omitted
DA_smap_cdf_noirr_2016,/home/mohammad.elaabaribao/lustre/empowermed-ahl6xm8o7mg/users/mohammad.elaabaribao/NoahMP_Morocco/experiments/NorthMor/matrix_2016/DA_cdf_noirr_2016/output/2016-*/SURFACEMODEL/2016*/LIS_HIST*.nc,Qh_tavg,"('north_south', 'east_west')",W m-2,sensible heat flux,LIS_HIST_201601020000.d01.nc,LIS_HIST_201612310000.d01.nc,Compute omitted (too slow),Compute omitted (too slow),Compute omitted
DA_smap_cdf_noirr_2016,/home/mohammad.elaabaribao/lustre/empowermed-ahl6xm8o7mg/users/mohammad.elaabaribao/NoahMP_Morocco/experiments/NorthMor/matrix_2016/DA_cdf_noirr_2016/output/2016-*/SURFACEMODEL/2016*/LIS_HIST*.nc,Qg_tavg,"('north_south', 'east_west')",W m-2,soil heat flux,LIS_HIST_201601020000.d01.nc,LIS_HIST_201612310000.d01.nc,Compute omitted (too slow),Compute omitted (too slow),Compute omitted
DA_smap_cdf_noirr_2016,/home/mohammad.elaabaribao/lustre/empowermed-ahl6xm8o7mg/users/mohammad.elaabaribao/NoahMP_Morocco/experiments/NorthMor/matrix_2016/DA_cdf_noirr_2016/output/2016-*/SURFACEMODEL/2016*/LIS_HIST*.nc,Snowf_tavg,"('north_south', 'east_west')",kg m-2 s-1,snowfall rate,LIS_HIST_201601020000.d01.nc,LIS_HIST_201612310000.d01.nc,Compute omitted (too slow),Compute omitted (too slow),Compute omitted
DA_smap_cdf_noirr_2016,/home/mohammad.elaabaribao/lustre/empowermed-ahl6xm8o7mg/users/mohammad.elaabaribao/NoahMP_Morocco/experiments/NorthMor/matrix_2016/DA_cdf_noirr_2016/output/2016-*/SURFACEMODEL/2016*/LIS_HIST*.nc,Rainf_tavg,"('north_south', 'east_west')",kg m-2 s-1,precipitation rate,LIS_HIST_201601020000.d01.nc,LIS_HIST_201612310000.d01.nc,Compute omitted (too slow),Compute omitted (too slow),Compute omitted
DA_smap_cdf_noirr_2016,/home/mohammad.elaabaribao/lustre/empowermed-ahl6xm8o7mg/users/mohammad.elaabaribao/NoahMP_Morocco/experiments/NorthMor/matrix_2016/DA_cdf_noirr_2016/output/2016-*/SURFACEMODEL/2016*/LIS_HIST*.nc,Evap_tavg,"('north_south', 'east_west')",kg m-2 s-1,total evapotranspiration,LIS_HIST_201601020000.d01.nc,LIS_HIST_201612310000.d01.nc,Compute omitted (too slow),Compute omitted (too slow),Compute omitted
DA_smap_cdf_noirr_2016,/home/mohammad.elaabaribao/lustre/empowermed-ahl6xm8o7mg/users/mohammad.elaabaribao/NoahMP_Morocco/experiments/NorthMor/matrix_2016/DA_cdf_noirr_2016/output/2016-*/SURFACEMODEL/2016*/LIS_HIST*.nc,Qs_tavg,"('north_south', 'east_west')",kg m-2 s-1,surface runoff,LIS_HIST_201601020000.d01.nc,LIS_HIST_201612310000.d01.nc,Compute omitted (too slow),Compute omitted (too slow),Compute omitted
DA_smap_cdf_noirr_2016,/home/mohammad.elaabaribao/lustre/empowermed-ahl6xm8o7mg/users/mohammad.elaabaribao/NoahMP_Morocco/experiments/NorthMor/matrix_2016/DA_cdf_noirr_2016/output/2016-*/SURFACEMODEL/2016*/LIS_HIST*.nc,Qsb_tavg,"('north_south', 'east_west')",kg m-2 s-1,subsurface runoff amount,LIS_HIST_201601020000.d01.nc,LIS_HIST_201612310000.d01.nc,Compute omitted (too slow),Compute omitted (too slow),Compute omitted
DA_smap_cdf_noirr_2016,/home/mohammad.elaabaribao/lustre/empowermed-ahl6xm8o7mg/users/mohammad.elaabaribao/NoahMP_Morocco/experiments/NorthMor/matrix_2016/DA_cdf_noirr_2016/output/2016-*/SURFACEMODEL/2016*/LIS_HIST*.nc,Qsm_tavg,"('north_south', 'east_west')",kg m-2 s-1,snowmelt,LIS_HIST_201601020000.d01.nc,LIS_HIST_201612310000.d01.nc,Compute omitted (too slow),Compute omitted (too slow),Compute omitted
DA_smap_cdf_noirr_2016,/home/mohammad.elaabaribao/lustre/empowermed-ahl6xm8o7mg/users/mohammad.elaabaribao/NoahMP_Morocco/experiments/NorthMor/matrix_2016/DA_cdf_noirr_2016/output/2016-*/SURFACEMODEL/2016*/LIS_HIST*.nc,VegT_tavg,"('north_south', 'east_west')",K,canopy temperature,LIS_HIST_201601020000.d01.nc,LIS_HIST_201612310000.d01.nc,Compute omitted (too slow),Compute omitted (too slow),Compute omitted
DA_smap_cdf_noirr_2016,/home/mohammad.elaabaribao/lustre/empowermed-ahl6xm8o7mg/users/mohammad.elaabaribao/NoahMP_Morocco/experiments/NorthMor/matrix_2016/DA_cdf_noirr_2016/output/2016-*/SURFACEMODEL/2016*/LIS_HIST*.nc,BareSoilT_tavg,"('north_south', 'east_west')",K,bare soil temperature,LIS_HIST_201601020000.d01.nc,LIS_HIST_201612310000.d01.nc,Compute omitted (too slow),Compute omitted (too slow),Compute omitted
DA_smap_cdf_noirr_2016,/home/mohammad.elaabaribao/lustre/empowermed-ahl6xm8o7mg/users/mohammad.elaabaribao/NoahMP_Morocco/experiments/NorthMor/matrix_2016/DA_cdf_noirr_2016/output/2016-*/SURFACEMODEL/2016*/LIS_HIST*.nc,AvgSurfT_tavg,"('north_south', 'east_west')",K,surface temperature,LIS_HIST_201601020000.d01.nc,LIS_HIST_201612310000.d01.nc,Compute omitted (too slow),Compute omitted (too slow),Compute omitted
DA_smap_cdf_noirr_2016,/home/mohammad.elaabaribao/lustre/empowermed-ahl6xm8o7mg/users/mohammad.elaabaribao/NoahMP_Morocco/experiments/NorthMor/matrix_2016/DA_cdf_noirr_2016/output/2016-*/SURFACEMODEL/2016*/LIS_HIST*.nc,RadT_tavg,"('north_south', 'east_west')",K,surface radiative temperature,LIS_HIST_201601020000.d01.nc,LIS_HIST_201612310000.d01.nc,Compute omitted (too slow),Compute omitted (too slow),Compute omitted
DA_smap_cdf_noirr_2016,/home/mohammad.elaabaribao/lustre/empowermed-ahl6xm8o7mg/users/mohammad.elaabaribao/NoahMP_Morocco/experiments/NorthMor/matrix_2016/DA_cdf_noirr_2016/output/2016-*/SURFACEMODEL/2016*/LIS_HIST*.nc,SWE_tavg,"('north_south', 'east_west')",kg m-2,snow water equivalent,LIS_HIST_201601020000.d01.nc,LIS_HIST_201612310000.d01.nc,Compute omitted (too slow),Compute omitted (too slow),Compute omitted
DA_smap_cdf_noirr_2016,/home/mohammad.elaabaribao/lustre/empowermed-ahl6xm8o7mg/users/mohammad.elaabaribao/NoahMP_Morocco/experiments/NorthMor/matrix_2016/DA_cdf_noirr_2016/output/2016-*/SURFACEMODEL/2016*/LIS_HIST*.nc,SnowDepth_tavg,"('north_south', 'east_west')",m,snow depth,LIS_HIST_201601020000.d01.nc,LIS_HIST_201612310000.d01.nc,Compute omitted (too slow),Compute omitted (too slow),Compute omitted
DA_smap_cdf_noirr_2016,/home/mohammad.elaabaribao/lustre/empowermed-ahl6xm8o7mg/users/mohammad.elaabaribao/NoahMP_Morocco/experiments/NorthMor/matrix_2016/DA_cdf_noirr_2016/output/2016-*/SURFACEMODEL/2016*/LIS_HIST*.nc,SoilMoist_tavg,"('SoilMoist_profiles', 'north_south', 'east_west')",m^3 m-3,soil moisture content,LIS_HIST_201601020000.d01.nc,LIS_HIST_201612310000.d01.nc,Compute omitted (too slow),Compute omitted (too slow),Compute omitted
DA_smap_cdf_noirr_2016,/home/mohammad.elaabaribao/lustre/empowermed-ahl6xm8o7mg/users/mohammad.elaabaribao/NoahMP_Morocco/experiments/NorthMor/matrix_2016/DA_cdf_noirr_2016/output/2016-*/SURFACEMODEL/2016*/LIS_HIST*.nc,SoilTemp_tavg,"('SoilTemp_profiles', 'north_south', 'east_west')",K,soil temperature,LIS_HIST_201601020000.d01.nc,LIS_HIST_201612310000.d01.nc,Compute omitted (too slow),Compute omitted (too slow),Compute omitted
DA_smap_cdf_noirr_2016,/home/mohammad.elaabaribao/lustre/empowermed-ahl6xm8o7mg/users/mohammad.elaabaribao/NoahMP_Morocco/experiments/NorthMor/matrix_2016/DA_cdf_noirr_2016/output/2016-*/SURFACEMODEL/2016*/LIS_HIST*.nc,PotEvap_tavg,"('north_south', 'east_west')",kg m-2 s-1,potential evapotranspiration,LIS_HIST_201601020000.d01.nc,LIS_HIST_201612310000.d01.nc,Compute omitted (too slow),Compute omitted (too slow),Compute omitted
DA_smap_cdf_noirr_2016,/home/mohammad.elaabaribao/lustre/empowermed-ahl6xm8o7mg/users/mohammad.elaabaribao/NoahMP_Morocco/experiments/NorthMor/matrix_2016/DA_cdf_noirr_2016/output/2016-*/SURFACEMODEL/2016*/LIS_HIST*.nc,ECanop_tavg,"('north_south', 'east_west')",kg m-2 s-1,interception evaporation,LIS_HIST_201601020000.d01.nc,LIS_HIST_201612310000.d01.nc,Compute omitted (too slow),Compute omitted (too slow),Compute omitted
DA_smap_cdf_noirr_2016,/home/mohammad.elaabaribao/lustre/empowermed-ahl6xm8o7mg/users/mohammad.elaabaribao/NoahMP_Morocco/experiments/NorthMor/matrix_2016/DA_cdf_noirr_2016/output/2016-*/SURFACEMODEL/2016*/LIS_HIST*.nc,TVeg_tavg,"('north_south', 'east_west')",kg m-2 s-1,vegetation transpiration,LIS_HIST_201601020000.d01.nc,LIS_HIST_201612310000.d01.nc,Compute omitted (too slow),Compute omitted (too slow),Compute omitted
DA_smap_cdf_noirr_2016,/home/mohammad.elaabaribao/lustre/empowermed-ahl6xm8o7mg/users/mohammad.elaabaribao/NoahMP_Morocco/experiments/NorthMor/matrix_2016/DA_cdf_noirr_2016/output/2016-*/SURFACEMODEL/2016*/LIS_HIST*.nc,ESoil_tavg,"('north_south', 'east_west')",kg m-2 s-1,bare soil evaporation,LIS_HIST_201601020000.d01.nc,LIS_HIST_201612310000.d01.nc,Compute omitted (too slow),Compute omitted (too slow),Compute omitted
DA_smap_cdf_noirr_2016,/home/mohammad.elaabaribao/lustre/empowermed-ahl6xm8o7mg/users/mohammad.elaabaribao/NoahMP_Morocco/experiments/NorthMor/matrix_2016/DA_cdf_noirr_2016/output/2016-*/SURFACEMODEL/2016*/LIS_HIST*.nc,CanopInt_tavg,"('north_south', 'east_west')",kg m-2,total canopy water storage,LIS_HIST_201601020000.d01.nc,LIS_HIST_201612310000.d01.nc,Compute omitted (too slow),Compute omitted (too slow),Compute omitted
DA_smap_cdf_noirr_2016,/home/mohammad.elaabaribao/lustre/empowermed-ahl6xm8o7mg/users/mohammad.elaabaribao/NoahMP_Morocco/experiments/NorthMor/matrix_2016/DA_cdf_noirr_2016/output/2016-*/SURFACEMODEL/2016*/LIS_HIST*.nc,SubSnow_tavg,"('north_south', 'east_west')",kg m-2 s-1,snow sublimation,LIS_HIST_201601020000.d01.nc,LIS_HIST_201612310000.d01.nc,Compute omitted (too slow),Compute omitted (too slow),Compute omitted
DA_smap_cdf_noirr_2016,/home/mohammad.elaabaribao/lustre/empowermed-ahl6xm8o7mg/users/mohammad.elaabaribao/NoahMP_Morocco/experiments/NorthMor/matrix_2016/DA_cdf_noirr_2016/output/2016-*/SURFACEMODEL/2016*/LIS_HIST*.nc,WaterTableD_tavg,"('north_south', 'east_west')",m,water table depth,LIS_HIST_201601020000.d01.nc,LIS_HIST_201612310000.d01.nc,Compute omitted (too slow),Compute omitted (too slow),Compute omitted
DA_smap_cdf_noirr_2016,/home/mohammad.elaabaribao/lustre/empowermed-ahl6xm8o7mg/users/mohammad.elaabaribao/NoahMP_Morocco/experiments/NorthMor/matrix_2016/DA_cdf_noirr_2016/output/2016-*/SURFACEMODEL/2016*/LIS_HIST*.nc,TWS_tavg,"('north_south', 'east_west')",mm,terrestrial water storage,LIS_HIST_201601020000.d01.nc,LIS_HIST_201612310000.d01.nc,Compute omitted (too slow),Compute omitted (too slow),Compute omitted
DA_smap_cdf_noirr_2016,/home/mohammad.elaabaribao/lustre/empowermed-ahl6xm8o7mg/users/mohammad.elaabaribao/NoahMP_Morocco/experiments/NorthMor/matrix_2016/DA_cdf_noirr_2016/output/2016-*/SURFACEMODEL/2016*/LIS_HIST*.nc,GWS_tavg,"('north_south', 'east_west')",mm,ground water storage,LIS_HIST_201601020000.d01.nc,LIS_HIST_201612310000.d01.nc,Compute omitted (too slow),Compute omitted (too slow),Compute omitted
DA_smap_cdf_noirr_2016,/home/mohammad.elaabaribao/lustre/empowermed-ahl6xm8o7mg/users/mohammad.elaabaribao/NoahMP_Morocco/experiments/NorthMor/matrix_2016/DA_cdf_noirr_2016/output/2016-*/SURFACEMODEL/2016*/LIS_HIST*.nc,Snowcover_tavg,"('north_south', 'east_west')",-,snow cover,LIS_HIST_201601020000.d01.nc,LIS_HIST_201612310000.d01.nc,Compute omitted (too slow),Compute omitted (too slow),Compute omitted
DA_smap_cdf_noirr_2016,/home/mohammad.elaabaribao/lustre/empowermed-ahl6xm8o7mg/users/mohammad.elaabaribao/NoahMP_Morocco/experiments/NorthMor/matrix_2016/DA_cdf_noirr_2016/output/2016-*/SURFACEMODEL/2016*/LIS_HIST*.nc,GPP_tavg,"('north_south', 'east_west')",g m-2 s-1,gross primary production,LIS_HIST_201601020000.d01.nc,LIS_HIST_201612310000.d01.nc,Compute omitted (too slow),Compute omitted (too slow),Compute omitted
DA_smap_cdf_noirr_2016,/home/mohammad.elaabaribao/lustre/empowermed-ahl6xm8o7mg/users/mohammad.elaabaribao/NoahMP_Morocco/experiments/NorthMor/matrix_2016/DA_cdf_noirr_2016/output/2016-*/SURFACEMODEL/2016*/LIS_HIST*.nc,NPP_tavg,"('north_south', 'east_west')",g m-2 s-1,net primary productivity,LIS_HIST_201601020000.d01.nc,LIS_HIST_201612310000.d01.nc,Compute omitted (too slow),Compute omitted (too slow),Compute omitted
DA_smap_cdf_noirr_2016,/home/mohammad.elaabaribao/lustre/empowermed-ahl6xm8o7mg/users/mohammad.elaabaribao/NoahMP_Morocco/experiments/NorthMor/matrix_2016/DA_cdf_noirr_2016/output/2016-*/SURFACEMODEL/2016*/LIS_HIST*.nc,Wind_f_tavg,"('north_south', 'east_west')",m s-1,wind speed,LIS_HIST_201601020000.d01.nc,LIS_HIST_201612310000.d01.nc,Compute omitted (too slow),Compute omitted (too slow),Compute omitted
DA_smap_cdf_noirr_2016,/home/mohammad.elaabaribao/lustre/empowermed-ahl6xm8o7mg/users/mohammad.elaabaribao/NoahMP_Morocco/experiments/NorthMor/matrix_2016/DA_cdf_noirr_2016/output/2016-*/SURFACEMODEL/2016*/LIS_HIST*.nc,Rainf_f_tavg,"('north_south', 'east_west')",kg m-2 s-1,rainfall flux,LIS_HIST_201601020000.d01.nc,LIS_HIST_201612310000.d01.nc,Compute omitted (too slow),Compute omitted (too slow),Compute omitted
DA_smap_cdf_noirr_2016,/home/mohammad.elaabaribao/lustre/empowermed-ahl6xm8o7mg/users/mohammad.elaabaribao/NoahMP_Morocco/experiments/NorthMor/matrix_2016/DA_cdf_noirr_2016/output/2016-*/SURFACEMODEL/2016*/LIS_HIST*.nc,Tair_f_tavg,"('north_south', 'east_west')",K,air temperature,LIS_HIST_201601020000.d01.nc,LIS_HIST_201612310000.d01.nc,Compute omitted (too slow),Compute omitted (too slow),Compute omitted
DA_smap_cdf_noirr_2016,/home/mohammad.elaabaribao/lustre/empowermed-ahl6xm8o7mg/users/mohammad.elaabaribao/NoahMP_Morocco/experiments/NorthMor/matrix_2016/DA_cdf_noirr_2016/output/2016-*/SURFACEMODEL/2016*/LIS_HIST*.nc,Qair_f_tavg,"('north_south', 'east_west')",kg kg-1,specific humidity,LIS_HIST_201601020000.d01.nc,LIS_HIST_201612310000.d01.nc,Compute omitted (too slow),Compute omitted (too slow),Compute omitted
DA_smap_cdf_noirr_2016,/home/mohammad.elaabaribao/lustre/empowermed-ahl6xm8o7mg/users/mohammad.elaabaribao/NoahMP_Morocco/experiments/NorthMor/matrix_2016/DA_cdf_noirr_2016/output/2016-*/SURFACEMODEL/2016*/LIS_HIST*.nc,Psurf_f_tavg,"('north_south', 'east_west')",Pa,surface pressure,LIS_HIST_201601020000.d01.nc,LIS_HIST_201612310000.d01.nc,Compute omitted (too slow),Compute omitted (too slow),Compute omitted
DA_smap_cdf_noirr_2016,/home/mohammad.elaabaribao/lustre/empowermed-ahl6xm8o7mg/users/mohammad.elaabaribao/NoahMP_Morocco/experiments/NorthMor/matrix_2016/DA_cdf_noirr_2016/output/2016-*/SURFACEMODEL/2016*/LIS_HIST*.nc,SWdown_f_tavg,"('north_south', 'east_west')",W m-2,surface downward shortwave radiation,LIS_HIST_201601020000.d01.nc,LIS_HIST_201612310000.d01.nc,Compute omitted (too slow),Compute omitted (too slow),Compute omitted
DA_smap_cdf_noirr_2016,/home/mohammad.elaabaribao/lustre/empowermed-ahl6xm8o7mg/users/mohammad.elaabaribao/NoahMP_Morocco/experiments/NorthMor/matrix_2016/DA_cdf_noirr_2016/output/2016-*/SURFACEMODEL/2016*/LIS_HIST*.nc,LWdown_f_tavg,"('north_south', 'east_west')",W m-2,surface downward longwave radiation,LIS_HIST_201601020000.d01.nc,LIS_HIST_201612310000.d01.nc,Compute omitted (too slow),Compute omitted (too slow),Compute omitted
DA_smap_cdf_noirr_2016,/home/mohammad.elaabaribao/lustre/empowermed-ahl6xm8o7mg/users/mohammad.elaabaribao/NoahMP_Morocco/experiments/NorthMor/matrix_2016/DA_cdf_noirr_2016/output/2016-*/SURFACEMODEL/2016*/LIS_HIST*.nc,LAI_tavg,"('north_south', 'east_west')",-,leaf area index,LIS_HIST_201601020000.d01.nc,LIS_HIST_201612310000.d01.nc,Compute omitted (too slow),Compute omitted (too slow),Compute omitted
DA_smap_cdf_noirr_2016,/home/mohammad.elaabaribao/lustre/empowermed-ahl6xm8o7mg/users/mohammad.elaabaribao/NoahMP_Morocco/experiments/NorthMor/matrix_2016/DA_cdf_noirr_2016/output/2016-*/SURFACEMODEL/2016*/LIS_HIST*.nc,SAI_tavg,"('north_south', 'east_west')",-,stem area index,LIS_HIST_201601020000.d01.nc,LIS_HIST_201612310000.d01.nc,Compute omitted (too slow),Compute omitted (too slow),Compute omitted
DA_smap_cdf_noirr_2016,/home/mohammad.elaabaribao/lustre/empowermed-ahl6xm8o7mg/users/mohammad.elaabaribao/NoahMP_Morocco/experiments/NorthMor/matrix_2016/DA_cdf_noirr_2016/output/2016-*/SURFACEMODEL/2016*/LIS_HIST*.nc,Greenness_tavg,"('north_south', 'east_west')",-,green vegetation fraction,LIS_HIST_201601020000.d01.nc,LIS_HIST_201612310000.d01.nc,Compute omitted (too slow),Compute omitted (too slow),Compute omitted
DA_smap_cdf_noirr_2016,/home/mohammad.elaabaribao/lustre/empowermed-ahl6xm8o7mg/users/mohammad.elaabaribao/NoahMP_Morocco/experiments/NorthMor/matrix_2016/DA_cdf_noirr_2016/output/2016-*/SURFACEMODEL/2016*/LIS_HIST*.nc,TotalPrecip_tavg,"('north_south', 'east_west')",kg m-2 s-1,total precipitation amount,LIS_HIST_201601020000.d01.nc,LIS_HIST_201612310000.d01.nc,Compute omitted (too slow),Compute omitted (too slow),Compute omitted
DA_smap_cdf_noirr_2016,/home/mohammad.elaabaribao/lustre/empowermed-ahl6xm8o7mg/users/mohammad.elaabaribao/NoahMP_Morocco/experiments/NorthMor/matrix_2016/DA_cdf_noirr_2016/output/2016-*/SURFACEMODEL/2016*/LIS_HIST*.nc,WT_tavg,"('north_south', 'east_west')",mm,water in aquifer and saturated soil,LIS_HIST_201601020000.d01.nc,LIS_HIST_201612310000.d01.nc,Compute omitted (too slow),Compute omitted (too slow),Compute omitted
DA_smap_cdf_noirr_2016,/home/mohammad.elaabaribao/lustre/empowermed-ahl6xm8o7mg/users/mohammad.elaabaribao/NoahMP_Morocco/experiments/NorthMor/matrix_2016/DA_cdf_noirr_2016/output/2016-*/SURFACEMODEL/2016*/LIS_HIST*.nc,LeafMass_tavg,"('north_south', 'east_west')",g m-2,leaf mass,LIS_HIST_201601020000.d01.nc,LIS_HIST_201612310000.d01.nc,Compute omitted (too slow),Compute omitted (too slow),Compute omitted
DA_smap_cdf_noirr_2016,/home/mohammad.elaabaribao/lustre/empowermed-ahl6xm8o7mg/users/mohammad.elaabaribao/NoahMP_Morocco/experiments/NorthMor/matrix_2016/DA_cdf_noirr_2016/output/2016-*/SURFACEMODEL/2016*/LIS_HIST*.nc,RootMass_tavg,"('north_south', 'east_west')",g m-2,mass of fine roots,LIS_HIST_201601020000.d01.nc,LIS_HIST_201612310000.d01.nc,Compute omitted (too slow),Compute omitted (too slow),Compute omitted
DA_smap_cdf_noirr_2016,/home/mohammad.elaabaribao/lustre/empowermed-ahl6xm8o7mg/users/mohammad.elaabaribao/NoahMP_Morocco/experiments/NorthMor/matrix_2016/DA_cdf_noirr_2016/output/2016-*/SURFACEMODEL/2016*/LIS_HIST*.nc,StemMass_tavg,"('north_south', 'east_west')",g m-2,mass of wood stem,LIS_HIST_201601020000.d01.nc,LIS_HIST_201612310000.d01.nc,Compute omitted (too slow),Compute omitted (too slow),Compute omitted
