type,path,expected_size,actual_size,expected_hash,actual_hash,status
METRICS,runoff_partitioning/runoff_partitioning_2016.json,372,372,0dc7678006bcd1737c2cfb1a81a424338029fdb0bde4dc0e5ac7a5ccaf0d1b8e,0dc7678006bcd1737c2cfb1a81a424338029fdb0bde4dc0e5ac7a5ccaf0d1b8e,PASSED
IMAGE,runoff_partitioning/runoff_partitioning_2016.png,61327,61327,a186bbc5b9e750989c6efaf8f7f7d803564091c9527b8da34374e867cde982fd,a186bbc5b9e750989c6efaf8f7f7d803564091c9527b8da34374e867cde982fd,PASSED
IMAGE,assimilation/DA_smap_nocdf_noirr_2016/DA_smap_nocdf_noirr_2016_increment_map.png,285805,285805,a0c17a8cc07bca42c6ce5388a93bfc7517e9dce4ddb6415ef3373e76c0ea1946,a0c17a8cc07bca42c6ce5388a93bfc7517e9dce4ddb6415ef3373e76c0ea1946,PASSED
IMAGE,assimilation/DA_smap_nocdf_noirr_2016/DA_smap_nocdf_noirr_2016_increment_histogram.png,123206,123206,74a4e25278cc5aa4c50d5d54409a53e8d83bf7a2cdc6716134ed9bc6840ce6ed,74a4e25278cc5aa4c50d5d54409a53e8d83bf7a2cdc6716134ed9bc6840ce6ed,PASSED
IMAGE,assimilation/DA_smap_nocdf_noirr_2016/Fig04c_soil_moisture_increment_distribution_DA-noCDF-noIRR_2016.png,144463,144463,5d643227dc91fd895c41106fdafdb10c103965a50a354fbae152408236e2030b,5d643227dc91fd895c41106fdafdb10c103965a50a354fbae152408236e2030b,PASSED
IMAGE,assimilation/DA_smap_nocdf_noirr_2016/Fig04a_mean_innovation_observation_space_DA-noCDF-noIRR_2016.png,298449,298449,e58123f2adbbe82f52dce5c0a804e88f578ccd3bad4a61c5e4a296dbef725dd9,e58123f2adbbe82f52dce5c0a804e88f578ccd3bad4a61c5e4a296dbef725dd9,PASSED
METRICS,assimilation/DA_smap_nocdf_noirr_2016/DA_smap_nocdf_noirr_2016_increment_histogram.json,466,466,75c4f48b395e66e11ae6f307a10532aba1ddef1b39828cd79c19e5b44a12e46c,75c4f48b395e66e11ae6f307a10532aba1ddef1b39828cd79c19e5b44a12e46c,PASSED
IMAGE,assimilation/DA_smap_nocdf_noirr_2016/Fig02_smap_assimilation_frequency_DA-noCDF-noIRR_2016.png,317540,317540,fdb0786c52fe4b0944eb7bd5c749cf7834b60da7995d2917787d66309609eecc,fdb0786c52fe4b0944eb7bd5c749cf7834b60da7995d2917787d66309609eecc,PASSED
IMAGE,assimilation/DA_smap_nocdf_noirr_2016/DA_smap_nocdf_noirr_2016_obs_count.png,280454,280454,73c6582326f318a2bf355944c2bc65e86d3195caab926bde4ea42f3164bd7689,73c6582326f318a2bf355944c2bc65e86d3195caab926bde4ea42f3164bd7689,PASSED
IMAGE,assimilation/DA_smap_nocdf_noirr_2016/Fig01_smap_assimilated_observation_count_DA-noCDF-noIRR_2016.png,298123,298123,f2b85eeb6209879bd5f76158313625a4395391e75df0807df4c37f036f8ab301,f2b85eeb6209879bd5f76158313625a4395391e75df0807df4c37f036f8ab301,PASSED
METRICS,assimilation/DA_smap_nocdf_noirr_2016/DA_smap_nocdf_noirr_2016_seasonal_increments.json,598,598,8b8c2f407a88471acaa88f8476f12b50620d92443b66a1e8e6fa5c8db1e6fd41,8b8c2f407a88471acaa88f8476f12b50620d92443b66a1e8e6fa5c8db1e6fd41,PASSED
METRICS,assimilation/DA_smap_nocdf_noirr_2016/DA_smap_nocdf_noirr_2016_spread_consistency.json,497,497,41aabda2c416ef86c2ff7839834d170f2fd5bc647ab35077063860e0bd287a46,41aabda2c416ef86c2ff7839834d170f2fd5bc647ab35077063860e0bd287a46,PASSED
IMAGE,assimilation/DA_smap_nocdf_noirr_2016/Fig05_wet_dry_season_increment_comparison_DA-noCDF-noIRR_2016.png,429312,429312,e9918da4433a9a6d0a4aac6499e2b6a833984b031691494841fbea19c72154e5,e9918da4433a9a6d0a4aac6499e2b6a833984b031691494841fbea19c72154e5,PASSED
IMAGE,assimilation/DA_smap_nocdf_noirr_2016/DA_smap_nocdf_noirr_2016_assim_frequency.png,319513,319513,3104e43eb3141670b25db765ac87dcc0d7634095288ae5f85e005ebcb91517b6,3104e43eb3141670b25db765ac87dcc0d7634095288ae5f85e005ebcb91517b6,PASSED
METRICS,assimilation/DA_smap_nocdf_noirr_2016/DA_smap_nocdf_noirr_2016_increment_map.json,530,530,45adc15b92e14aacbdab085895de9ef33a7f62087ffe17d44cb56fd87b7d7c02,45adc15b92e14aacbdab085895de9ef33a7f62087ffe17d44cb56fd87b7d7c02,PASSED
METRICS,assimilation/DA_smap_nocdf_noirr_2016/DA_smap_nocdf_noirr_2016_spread_comparison.json,504,504,8db34adaa4f0a5b8ef54c9b6c4e0c5e0db4742b78b8b0c96f3f4246b6c255ddf,8db34adaa4f0a5b8ef54c9b6c4e0c5e0db4742b78b8b0c96f3f4246b6c255ddf,PASSED
METRICS,assimilation/DA_smap_nocdf_noirr_2016/DA_smap_nocdf_noirr_2016_obs_count.json,439,439,cdb1296b71ff5c506a07daae89e4a605d57f1408f6d82d6eba9770523d853d31,cdb1296b71ff5c506a07daae89e4a605d57f1408f6d82d6eba9770523d853d31,PASSED
IMAGE,assimilation/DA_smap_nocdf_noirr_2016/Fig07_spread_related_diagnostics_obsspace_vs_state_DA-noCDF-noIRR_2016.png,517003,517003,2cfc266e56163d480aeb47236031f55379fa3a06edabe30fc9e6897d16d25a44,2cfc266e56163d480aeb47236031f55379fa3a06edabe30fc9e6897d16d25a44,PASSED
IMAGE,assimilation/DA_smap_nocdf_noirr_2016/DA_smap_nocdf_noirr_2016_spread_consistency.png,394201,394201,14956b8fd7117b691a987a07e44d24771ff6deb5b56eda4c99dba9fddf6577f2,14956b8fd7117b691a987a07e44d24771ff6deb5b56eda4c99dba9fddf6577f2,PASSED
IMAGE,assimilation/DA_smap_nocdf_noirr_2016/DA_smap_nocdf_noirr_2016_seasonal_increments.png,429469,429469,99baacfd9e9a5d7fabab0a7b6a31f1d0e8a7a94da6a9a8d5191183196affc768,99baacfd9e9a5d7fabab0a7b6a31f1d0e8a7a94da6a9a8d5191183196affc768,PASSED
METRICS,assimilation/DA_smap_nocdf_noirr_2016/DA_smap_nocdf_noirr_2016_assim_frequency.json,441,441,10cc4dafa539aecc722ead27c9514b08e0482def27298c0aacec07169d403b42,10cc4dafa539aecc722ead27c9514b08e0482def27298c0aacec07169d403b42,PASSED
IMAGE,assimilation/DA_smap_nocdf_noirr_2016/DA_smap_nocdf_noirr_2016_innovation_map.png,287573,287573,34aaf12a5b2890e5c864c828b1d4f555e2a0b8aa102077f0cd205631b2be6222,34aaf12a5b2890e5c864c828b1d4f555e2a0b8aa102077f0cd205631b2be6222,PASSED
METRICS,assimilation/DA_smap_nocdf_noirr_2016/DA_smap_nocdf_noirr_2016_innovation_map.json,464,464,520b2bd050fb66591a6252304798a88d34f4d8c49f6a65b459c2f268a8f507fd,520b2bd050fb66591a6252304798a88d34f4d8c49f6a65b459c2f268a8f507fd,PASSED
IMAGE,assimilation/DA_smap_nocdf_noirr_2016/Fig06_spread_diagnostics_consistency_check_DA-noCDF-noIRR_2016.png,422651,422651,d162dfce9a8d735e71a613d8e1741123558853912ea73c4e6faf904f9ca2e638,d162dfce9a8d735e71a613d8e1741123558853912ea73c4e6faf904f9ca2e638,PASSED
IMAGE,assimilation/DA_smap_nocdf_noirr_2016/Fig04b_mean_soil_moisture_increment_DA-noCDF-noIRR_2016.png,266625,266625,d0475c1a16cb47c659b8f29e2f8099ca0fdfc1ab97d7ff61472019324c686a1b,d0475c1a16cb47c659b8f29e2f8099ca0fdfc1ab97d7ff61472019324c686a1b,PASSED
IMAGE,assimilation/DA_smap_cdf_noirr_2016/DA_smap_cdf_noirr_2016_obs_count.png,272981,272981,b4cd7c89cc1406dcb66d66b2afbbce233c84ff847b0569c36b290a6d000ae158,b4cd7c89cc1406dcb66d66b2afbbce233c84ff847b0569c36b290a6d000ae158,PASSED
METRICS,assimilation/DA_smap_cdf_noirr_2016/DA_smap_cdf_noirr_2016_seasonal_increments.json,590,590,67290a83e06f22c16f67b88df58e564f723d7b514d5a681ac7ff1dc87a8e16ac,67290a83e06f22c16f67b88df58e564f723d7b514d5a681ac7ff1dc87a8e16ac,PASSED
IMAGE,assimilation/DA_smap_cdf_noirr_2016/DA_smap_cdf_noirr_2016_increment_map.png,263263,263263,07b9f515f8fca0b9c97efe35964634d7df5b0ca5036662427cca24c3ed04e5e7,07b9f515f8fca0b9c97efe35964634d7df5b0ca5036662427cca24c3ed04e5e7,PASSED
METRICS,assimilation/DA_smap_cdf_noirr_2016/DA_smap_cdf_noirr_2016_spread_consistency.json,489,489,b305efe7749e2f9008459590452b4a3cb884eb34d3d6a44be14b87b64366221a,b305efe7749e2f9008459590452b4a3cb884eb34d3d6a44be14b87b64366221a,PASSED
METRICS,assimilation/DA_smap_cdf_noirr_2016/DA_smap_cdf_noirr_2016_spread_comparison.json,496,496,a37ecd801cc17c9ace327b18e22e5e6351006d104e930c25533629f19aecdae6,a37ecd801cc17c9ace327b18e22e5e6351006d104e930c25533629f19aecdae6,PASSED
IMAGE,assimilation/DA_smap_cdf_noirr_2016/Fig04c_soil_moisture_increment_distribution_DA-noCDF-noIRR_2016.png,137349,137349,04cdbc3216e79dd72565f736e6d11863a55d311ac047736fba6637ae684c4529,04cdbc3216e79dd72565f736e6d11863a55d311ac047736fba6637ae684c4529,PASSED
IMAGE,assimilation/DA_smap_cdf_noirr_2016/DA_smap_cdf_noirr_2016_innovation_map.png,299414,299414,9152fbf0440f30794874438aedbdd4946ed493a66d7ddfe02e16c8a59682cb07,9152fbf0440f30794874438aedbdd4946ed493a66d7ddfe02e16c8a59682cb07,PASSED
IMAGE,assimilation/DA_smap_cdf_noirr_2016/Fig04a_mean_innovation_observation_space_DA-noCDF-noIRR_2016.png,311708,311708,65c780e860a500ceb2a8ca43d0af1401e44c2f3453cb4e0a4fe60e0c704abe9e,65c780e860a500ceb2a8ca43d0af1401e44c2f3453cb4e0a4fe60e0c704abe9e,PASSED
IMAGE,assimilation/DA_smap_cdf_noirr_2016/Fig02_smap_assimilation_frequency_DA-noCDF-noIRR_2016.png,317059,317059,d7a6f5a917304a04f1e198e5049ea2061e6dfb44b31e4c1d525c3e9438fe825b,d7a6f5a917304a04f1e198e5049ea2061e6dfb44b31e4c1d525c3e9438fe825b,PASSED
IMAGE,assimilation/DA_smap_cdf_noirr_2016/Fig01_smap_assimilated_observation_count_DA-noCDF-noIRR_2016.png,290354,290354,0c55812726d91e2dd949cf9f042eca3f2f739d27cc65c2a2bd178c66abc0e338,0c55812726d91e2dd949cf9f042eca3f2f739d27cc65c2a2bd178c66abc0e338,PASSED
METRICS,assimilation/DA_smap_cdf_noirr_2016/DA_smap_cdf_noirr_2016_increment_map.json,522,522,c724fded7b8b377d05107f7077f057bef34f850d9e86256b55907d08f633743a,c724fded7b8b377d05107f7077f057bef34f850d9e86256b55907d08f633743a,PASSED
IMAGE,assimilation/DA_smap_cdf_noirr_2016/DA_smap_cdf_noirr_2016_seasonal_increments.png,388622,388622,7ba569920f358be88f73adaf9d502681328b96a9c74f9cd9b6c4417e7fdf93b7,7ba569920f358be88f73adaf9d502681328b96a9c74f9cd9b6c4417e7fdf93b7,PASSED
IMAGE,assimilation/DA_smap_cdf_noirr_2016/Fig05_wet_dry_season_increment_comparison_DA-noCDF-noIRR_2016.png,388932,388932,d64379e3b6370ca42decf60e1b18e966e2fe36c6913d5e8a5cac18f4f474d185,d64379e3b6370ca42decf60e1b18e966e2fe36c6913d5e8a5cac18f4f474d185,PASSED
METRICS,assimilation/DA_smap_cdf_noirr_2016/DA_smap_cdf_noirr_2016_assim_frequency.json,433,433,ba968c1014dfc25f67e892787cf927ce24bbfb9396ab81edb5ce210802b7f573,ba968c1014dfc25f67e892787cf927ce24bbfb9396ab81edb5ce210802b7f573,PASSED
METRICS,assimilation/DA_smap_cdf_noirr_2016/DA_smap_cdf_noirr_2016_innovation_map.json,456,456,9292f722b5d836b0d45cce67b9e933a3cdaeba352ffa01040e26adef2c182f23,9292f722b5d836b0d45cce67b9e933a3cdaeba352ffa01040e26adef2c182f23,PASSED
IMAGE,assimilation/DA_smap_cdf_noirr_2016/Fig07_spread_related_diagnostics_obsspace_vs_state_DA-noCDF-noIRR_2016.png,537943,537943,188fc1027d94f4e4c75d240ea396666c147e6ea1fff6ac31df5062bfb5692707,188fc1027d94f4e4c75d240ea396666c147e6ea1fff6ac31df5062bfb5692707,PASSED
IMAGE,assimilation/DA_smap_cdf_noirr_2016/DA_smap_cdf_noirr_2016_increment_histogram.png,116045,116045,cf6d7e88f5bd4ab04546c235c5d4ce32c75b4a36b03bbbb108e0ef7b5d5d78b3,cf6d7e88f5bd4ab04546c235c5d4ce32c75b4a36b03bbbb108e0ef7b5d5d78b3,PASSED
METRICS,assimilation/DA_smap_cdf_noirr_2016/DA_smap_cdf_noirr_2016_increment_histogram.json,458,458,de221902832e946ce79f24072bea0224202f989ac07232fd79219081e3656d70,de221902832e946ce79f24072bea0224202f989ac07232fd79219081e3656d70,PASSED
IMAGE,assimilation/DA_smap_cdf_noirr_2016/DA_smap_cdf_noirr_2016_spread_consistency.png,405889,405889,7aa3818c259a0859203b94a603fff7c8a065182005160d5ec2e7b6c0afdf73b0,7aa3818c259a0859203b94a603fff7c8a065182005160d5ec2e7b6c0afdf73b0,PASSED
IMAGE,assimilation/DA_smap_cdf_noirr_2016/DA_smap_cdf_noirr_2016_assim_frequency.png,318039,318039,057452bc713d39ff44896f5595d7558b8898dda1507a8242f0b1f0b34a35d7d9,057452bc713d39ff44896f5595d7558b8898dda1507a8242f0b1f0b34a35d7d9,PASSED
METRICS,assimilation/DA_smap_cdf_noirr_2016/DA_smap_cdf_noirr_2016_obs_count.json,431,431,9e761bcd9276ad77a1880b044177a039249a7ec7de5974424b22694adc29968a,9e761bcd9276ad77a1880b044177a039249a7ec7de5974424b22694adc29968a,PASSED
IMAGE,assimilation/DA_smap_cdf_noirr_2016/Fig06_spread_diagnostics_consistency_check_DA-noCDF-noIRR_2016.png,435331,435331,eda6c90786b858b0f9a9473905b5a29bcd52c0b574a4ce055dbbf993df5d5cf7,eda6c90786b858b0f9a9473905b5a29bcd52c0b574a4ce055dbbf993df5d5cf7,PASSED
IMAGE,assimilation/DA_smap_cdf_noirr_2016/Fig04b_mean_soil_moisture_increment_DA-noCDF-noIRR_2016.png,258453,258453,5d7e045d4a56bf545cda62d50a314453034405ccfd0a5b86ce8ce1ea191a6f97,5d7e045d4a56bf545cda62d50a314453034405ccfd0a5b86ce8ce1ea191a6f97,PASSED
CONFIG,hydrology/runoff_partitioning/resolved_config.yaml,2230,2230,e582d6613bfe13f6a0082518eb7fd12e21ce29c7500e2b6451e68a228573eaba,e582d6613bfe13f6a0082518eb7fd12e21ce29c7500e2b6451e68a228573eaba,PASSED
IMAGE,hydrology/runoff_partitioning/05_runoff_partitioning_fraction_monthly_2016.png,360770,360770,f2db506217ae62eef27877d13404e60f74330f8a9a673070925f01847eca0561,f2db506217ae62eef27877d13404e60f74330f8a9a673070925f01847eca0561,PASSED
OTHER,hydrology/runoff_partitioning/04_runoff_partitioning_monthly_2016.pdf,24334,24334,8b262dd360abdeb554b8380652fa7b509edbd8ce7057a080200b90c3dbf853ef,8b262dd360abdeb554b8380652fa7b509edbd8ce7057a080200b90c3dbf853ef,PASSED
OTHER,hydrology/runoff_partitioning/05_runoff_partitioning_fraction_monthly_2016.pdf,19238,19238,11d637bfb8480ca84dfe69d04c3b1718b03afa75a032b9a203fcb4926b26c20c,11d637bfb8480ca84dfe69d04c3b1718b03afa75a032b9a203fcb4926b26c20c,PASSED
IMAGE,hydrology/runoff_partitioning/04_runoff_partitioning_monthly_2016.png,488721,488721,3624111f451982b7440c6ef90d5f76752335eb1d3e513214814e3fc68db53d74,3624111f451982b7440c6ef90d5f76752335eb1d3e513214814e3fc68db53d74,PASSED
CONFIG,hydrology/runoff_partitioning/processing_log.yaml,3002,3002,0b1da72de4937697d1462370ecc342715c7fa57d980d1f8d956a666ab7fe9fb2,0b1da72de4937697d1462370ecc342715c7fa57d980d1f8d956a666ab7fe9fb2,PASSED
CONFIG,hydrology/surface_runoff/resolved_config.yaml,4301,4301,e84a88718efbe7a88cc9a3c98f26072d38e277a24f28351c54c2aac375419dd3,e84a88718efbe7a88cc9a3c98f26072d38e277a24f28351c54c2aac375419dd3,PASSED
IMAGE,hydrology/surface_runoff/surface_runoff_domain_mean_timeseries_2016.png,368055,368055,597909c8ea60d85afa5d0b38014682406a4e1f3d2990c45921ff7f0625cdb21a,597909c8ea60d85afa5d0b38014682406a4e1f3d2990c45921ff7f0625cdb21a,PASSED
METRICS,hydrology/surface_runoff/surface_runoff_domain_mean_timeseries_2016.json,314,314,d8ca0b4207a1758155b73019a6d4b3b878fd005b0f2ae4d4e7d245a178805754,d8ca0b4207a1758155b73019a6d4b3b878fd005b0f2ae4d4e7d245a178805754,PASSED
IMAGE,hydrology/surface_runoff/01_surface_runoff_annual_mean_2016.png,470271,470271,36635278cc44c50da7231ce85e32da8fcfcdd0e611f1012570a22eed65b54f9c,36635278cc44c50da7231ce85e32da8fcfcdd0e611f1012570a22eed65b54f9c,PASSED
IMAGE,hydrology/surface_runoff/03_surface_runoff_domain_mean_timeseries_2016.png,884612,884612,636a47bc3aaa12fc487b4990d057e5e74bdf09ff464481a1bd73b634528c9569,636a47bc3aaa12fc487b4990d057e5e74bdf09ff464481a1bd73b634528c9569,PASSED
OTHER,hydrology/surface_runoff/03_surface_runoff_domain_mean_timeseries_2016.pdf,29203,29203,981b4818c19fec8e59ddf0ab49262559534e4cf80f9c7d15946dab24d454d9b5,981b4818c19fec8e59ddf0ab49262559534e4cf80f9c7d15946dab24d454d9b5,PASSED
METRICS,hydrology/surface_runoff/surface_runoff_differences_2016.json,297,297,c82ccf04d0db27c2a842359f75a8791218805fe72268723f7cf6b98e795b7caf,c82ccf04d0db27c2a842359f75a8791218805fe72268723f7cf6b98e795b7caf,PASSED
OTHER,hydrology/surface_runoff/02_surface_runoff_differences_2016.pdf,102090,102090,0ad69f0f79d3569692cc504e8568632184f78a8d5d8ec6bc494cf4c0990abff3,0ad69f0f79d3569692cc504e8568632184f78a8d5d8ec6bc494cf4c0990abff3,PASSED
IMAGE,hydrology/surface_runoff/surface_runoff_differences_2016.png,201137,201137,533a77a2272d279c1a863025541e425059dfbe3226e8d34d493bd224cc35ae1f,533a77a2272d279c1a863025541e425059dfbe3226e8d34d493bd224cc35ae1f,PASSED
IMAGE,hydrology/surface_runoff/surface_runoff_annual_mean_2016.png,138519,138519,ab886ba911a9558cd58c44ad681c200be28f30e3a77c6aa95eb144732fd9690e,ab886ba911a9558cd58c44ad681c200be28f30e3a77c6aa95eb144732fd9690e,PASSED
METRICS,hydrology/surface_runoff/surface_runoff_annual_mean_2016.json,299,299,992dae01d1dd60e2a3bab26be024f04d763dffd20ebd54f50dd02eb5f9651a87,992dae01d1dd60e2a3bab26be024f04d763dffd20ebd54f50dd02eb5f9651a87,PASSED
OTHER,hydrology/surface_runoff/01_surface_runoff_annual_mean_2016.pdf,117599,117599,7ab8020826f34b62ee9ff50a86a0c346b354ff4bd2c39b79702c0cab4bdb866f,7ab8020826f34b62ee9ff50a86a0c346b354ff4bd2c39b79702c0cab4bdb866f,PASSED
IMAGE,hydrology/surface_runoff/02_surface_runoff_differences_2016.png,566748,566748,d7e74a6fe01bb7f845adaaecf92f394213c7fdaacfa76400b1e150629abc3476,d7e74a6fe01bb7f845adaaecf92f394213c7fdaacfa76400b1e150629abc3476,PASSED
CONFIG,hydrology/surface_runoff/processing_log.yaml,2190,2190,2fa3838d49f9018becc2f95e744c83b1664f487f608c3e24f562c5d0209c3e5b,2fa3838d49f9018becc2f95e744c83b1664f487f608c3e24f562c5d0209c3e5b,PASSED
CONFIG,hydrology/surface_soil_moisture/resolved_config.yaml,4481,4481,7b82bbc182f02ac6d04fe3584f1deb97cd6083382db76b11f9b1d16f4e943f3d,7b82bbc182f02ac6d04fe3584f1deb97cd6083382db76b11f9b1d16f4e943f3d,PASSED
OTHER,hydrology/surface_soil_moisture/02_surface_soil_moisture_differences_2016.pdf,155869,155869,c5d88a31c25f1293425d526456692a0b8a765f63426e030c3ac56b156b6f7a78,c5d88a31c25f1293425d526456692a0b8a765f63426e030c3ac56b156b6f7a78,PASSED
IMAGE,hydrology/surface_soil_moisture/surface_soil_moisture_domain_mean_timeseries_2016.png,417520,417520,77a65325d25d2e134d53d0bf2ce5d34f216441cfe607309ba9fcb429a259ae1d,77a65325d25d2e134d53d0bf2ce5d34f216441cfe607309ba9fcb429a259ae1d,PASSED
METRICS,hydrology/surface_soil_moisture/surface_soil_moisture_domain_mean_timeseries_2016.json,342,342,5af71a791034f6c97d5d1feb740372d2d91313be4ac81bf47fc79a8c8e245c7f,5af71a791034f6c97d5d1feb740372d2d91313be4ac81bf47fc79a8c8e245c7f,PASSED
IMAGE,hydrology/surface_soil_moisture/surface_soil_moisture_annual_mean_2016.png,157007,157007,86d38e153a4cfd106a087b8b7ed435455a7c5f8cdfc239e9af0a857fd775bb2f,86d38e153a4cfd106a087b8b7ed435455a7c5f8cdfc239e9af0a857fd775bb2f,PASSED
IMAGE,hydrology/surface_soil_moisture/03_surface_soil_moisture_domain_mean_timeseries_2016.png,1052278,1052278,519151aaf80780d1ed1c9e5d65f49da706f24eafa875a364d44bf13fb30b2519,519151aaf80780d1ed1c9e5d65f49da706f24eafa875a364d44bf13fb30b2519,PASSED
METRICS,hydrology/surface_soil_moisture/surface_soil_moisture_annual_mean_2016.json,327,327,dede327e3ad8ef8028656d108b17e8c0893a112e61b2d959458c34841badf0c4,dede327e3ad8ef8028656d108b17e8c0893a112e61b2d959458c34841badf0c4,PASSED
OTHER,hydrology/surface_soil_moisture/01_surface_soil_moisture_annual_mean_2016.pdf,126684,126684,d422d5a5a8f216d3b71fed16e982bcbd1e08ed7cc06fbe7352b07ace497b14d8,d422d5a5a8f216d3b71fed16e982bcbd1e08ed7cc06fbe7352b07ace497b14d8,PASSED
OTHER,hydrology/surface_soil_moisture/03_surface_soil_moisture_domain_mean_timeseries_2016.pdf,31474,31474,75a0244ee6ffd73d1a0ef8b365a3ff9ff3d7617ce9fe53745302a59ce9169ec5,75a0244ee6ffd73d1a0ef8b365a3ff9ff3d7617ce9fe53745302a59ce9169ec5,PASSED
IMAGE,hydrology/surface_soil_moisture/surface_soil_moisture_differences_2016.png,193743,193743,324df49b7e13a3726831c3eaf8e475f09780d1a723caf31f8284b0a8fc7dfcd6,324df49b7e13a3726831c3eaf8e475f09780d1a723caf31f8284b0a8fc7dfcd6,PASSED
IMAGE,hydrology/surface_soil_moisture/02_surface_soil_moisture_differences_2016.png,652541,652541,417fa88a685aff484572564a7aaaf8aafce4c9e13bd69d6dceaa48adc9a29c93,417fa88a685aff484572564a7aaaf8aafce4c9e13bd69d6dceaa48adc9a29c93,PASSED
IMAGE,hydrology/surface_soil_moisture/01_surface_soil_moisture_annual_mean_2016.png,512078,512078,6026e58a6cc662346ce07a86bb58288b7b565e03555a0fa02486e86725757e3d,6026e58a6cc662346ce07a86bb58288b7b565e03555a0fa02486e86725757e3d,PASSED
METRICS,hydrology/surface_soil_moisture/surface_soil_moisture_differences_2016.json,325,325,df6c607a085f81ca6046459d52d10bfe70f5d151e67247b27cb2032bfdc5a93b,df6c607a085f81ca6046459d52d10bfe70f5d151e67247b27cb2032bfdc5a93b,PASSED
CONFIG,hydrology/surface_soil_moisture/processing_log.yaml,2696,2696,2da8b2b6a39007768e666958c4ebc3cf51c1d5fd26ae25e56eb1c17e7581d8fa,2da8b2b6a39007768e666958c4ebc3cf51c1d5fd26ae25e56eb1c17e7581d8fa,PASSED
IMAGE,hydrology/groundwater_storage/01_groundwater_storage_annual_mean_2016.png,592857,592857,05dec8431596810ac110db4a5d6d800b483c3e47bc44c0e96ed77b3587c8b345,05dec8431596810ac110db4a5d6d800b483c3e47bc44c0e96ed77b3587c8b345,PASSED
IMAGE,hydrology/groundwater_storage/groundwater_storage_annual_mean_2016.png,169170,169170,f3903d689d32f5a335db4cbe9732e66cc508ee20f614d69f563585cf12705c18,f3903d689d32f5a335db4cbe9732e66cc508ee20f614d69f563585cf12705c18,PASSED
CONFIG,hydrology/groundwater_storage/resolved_config.yaml,3893,3893,aa2442c10fb52dc5d6b3a3f9889136811244c5525cec7adc0b07e94080d5a4cc,aa2442c10fb52dc5d6b3a3f9889136811244c5525cec7adc0b07e94080d5a4cc,PASSED
METRICS,hydrology/groundwater_storage/groundwater_storage_domain_mean_timeseries_2016.json,334,334,41cc54405c695469e146f457c276099ef6a06681863bdcdda3e1bc2db4c202b2,41cc54405c695469e146f457c276099ef6a06681863bdcdda3e1bc2db4c202b2,PASSED
IMAGE,hydrology/groundwater_storage/groundwater_storage_differences_2016.png,226176,226176,bc23574d2af71563cd22d9c6af9206072c03eaeed539eb41d213bece2872be87,bc23574d2af71563cd22d9c6af9206072c03eaeed539eb41d213bece2872be87,PASSED
METRICS,hydrology/groundwater_storage/groundwater_storage_annual_mean_2016.json,319,319,ed6f7b8400a4c1515dddb3b46be764cba43294424ba1c0e230aab59a62d5c1ac,ed6f7b8400a4c1515dddb3b46be764cba43294424ba1c0e230aab59a62d5c1ac,PASSED
OTHER,hydrology/groundwater_storage/03_groundwater_storage_domain_mean_timeseries_2016.pdf,21267,21267,ff5b61cf566eff58852402e93274749155f0c2ea2ae309cbdf34a9c0c958e77c,ff5b61cf566eff58852402e93274749155f0c2ea2ae309cbdf34a9c0c958e77c,PASSED
OTHER,hydrology/groundwater_storage/02_groundwater_storage_differences_2016.pdf,218475,218475,8c727e0faf8b9b166f0bc0938f199054e73cfa2d500b10db64c691b323ee5eb2,8c727e0faf8b9b166f0bc0938f199054e73cfa2d500b10db64c691b323ee5eb2,PASSED
OTHER,hydrology/groundwater_storage/01_groundwater_storage_annual_mean_2016.pdf,147015,147015,0d299e5702099bef944ac10d834025daec9f3ea2cf449d2a9629d1c1ea0ab22f,0d299e5702099bef944ac10d834025daec9f3ea2cf449d2a9629d1c1ea0ab22f,PASSED
IMAGE,hydrology/groundwater_storage/groundwater_storage_domain_mean_timeseries_2016.png,327631,327631,67bc10172412c213a4401d905b93976acb5fccb73d358a362db2a2e5f2bd533c,67bc10172412c213a4401d905b93976acb5fccb73d358a362db2a2e5f2bd533c,PASSED
METRICS,hydrology/groundwater_storage/groundwater_storage_differences_2016.json,317,317,3c9345339217dfde82af31d33c5beeba51c3bac39891f8ec7d9ebb01f538b76a,3c9345339217dfde82af31d33c5beeba51c3bac39891f8ec7d9ebb01f538b76a,PASSED
IMAGE,hydrology/groundwater_storage/03_groundwater_storage_domain_mean_timeseries_2016.png,649232,649232,0ec5199ea39d055564bbc34e7301add2e2374e5fc248916e505d49cfd0a0ea2f,0ec5199ea39d055564bbc34e7301add2e2374e5fc248916e505d49cfd0a0ea2f,PASSED
IMAGE,hydrology/groundwater_storage/02_groundwater_storage_differences_2016.png,674512,674512,bf5387fd5db2cb2c454ee2f276b6ab383c4da803d4d603f90f454bcb64276547,bf5387fd5db2cb2c454ee2f276b6ab383c4da803d4d603f90f454bcb64276547,PASSED
CONFIG,hydrology/groundwater_storage/processing_log.yaml,1433,1433,11d2a0ec426dc33433b8c97cab1d1d8771f16e18f68c940ec4ccc871fdca9246,11d2a0ec426dc33433b8c97cab1d1d8771f16e18f68c940ec4ccc871fdca9246,PASSED
CONFIG,hydrology/rootzone_soil_moisture/resolved_config.yaml,4465,4465,b3cda8a8909c3c16d0aff3fdad9da77e55c842701c074caec7612b04967e4e5e,b3cda8a8909c3c16d0aff3fdad9da77e55c842701c074caec7612b04967e4e5e,PASSED
OTHER,hydrology/rootzone_soil_moisture/01_rootzone_soil_moisture_annual_mean_2016.pdf,142392,142392,2f6ce6816a5e1fa446f007a9c448a908fbd724ed01a17fdd635c752193ed397a,2f6ce6816a5e1fa446f007a9c448a908fbd724ed01a17fdd635c752193ed397a,PASSED
IMAGE,hydrology/rootzone_soil_moisture/rootzone_soil_moisture_domain_mean_timeseries_2016.png,317434,317434,0f3d22e25dd5bf27959d22757557bb3633ebfb8f4224b66c2bfe03549dea895d,0f3d22e25dd5bf27959d22757557bb3633ebfb8f4224b66c2bfe03549dea895d,PASSED
IMAGE,hydrology/rootzone_soil_moisture/rootzone_soil_moisture_differences_2016.png,202208,202208,4ee5559c84f52a3d0123a1830281b6df61d24e73577b841fcf4cab33fb76a04d,4ee5559c84f52a3d0123a1830281b6df61d24e73577b841fcf4cab33fb76a04d,PASSED
METRICS,hydrology/rootzone_soil_moisture/rootzone_soil_moisture_differences_2016.json,331,331,93656884f0dd2c088703f946c9d129e0a2d6a9a215e15aeedac4b74c6b5dec96,93656884f0dd2c088703f946c9d129e0a2d6a9a215e15aeedac4b74c6b5dec96,PASSED
METRICS,hydrology/rootzone_soil_moisture/rootzone_soil_moisture_domain_mean_timeseries_2016.json,348,348,759862617599ae95ca9e35bb24cb157ce4df0b5d1a1b817c0980cad418b0a04a,759862617599ae95ca9e35bb24cb157ce4df0b5d1a1b817c0980cad418b0a04a,PASSED
IMAGE,hydrology/rootzone_soil_moisture/rootzone_soil_moisture_annual_mean_2016.png,185070,185070,3f2be75d93b57d5ce6db7730a0a6cd05700cd9268985fdfd08cf55c213f141ff,3f2be75d93b57d5ce6db7730a0a6cd05700cd9268985fdfd08cf55c213f141ff,PASSED
OTHER,hydrology/rootzone_soil_moisture/02_rootzone_soil_moisture_differences_2016.pdf,166327,166327,b2281a09b30a5e0db935d7d0fb58b53c90a761c476672eb7c4e06862ace6e74e,b2281a09b30a5e0db935d7d0fb58b53c90a761c476672eb7c4e06862ace6e74e,PASSED
METRICS,hydrology/rootzone_soil_moisture/rootzone_soil_moisture_annual_mean_2016.json,333,333,50212e8acd530523ef93a98d44c1eda3f7de3c753f2d95443ebd23ba00586724,50212e8acd530523ef93a98d44c1eda3f7de3c753f2d95443ebd23ba00586724,PASSED
IMAGE,hydrology/rootzone_soil_moisture/03_rootzone_soil_moisture_domain_mean_timeseries_2016.png,812660,812660,ece0117cd3c4d660f29d951caa99314b750ce88eac756fe7fa60ba7cfa6966a1,ece0117cd3c4d660f29d951caa99314b750ce88eac756fe7fa60ba7cfa6966a1,PASSED
IMAGE,hydrology/rootzone_soil_moisture/02_rootzone_soil_moisture_differences_2016.png,660192,660192,1baa5ef1b797dba424534c9f2cbbe16c95c5d6b06fb8200427f48b82f21ee1db,1baa5ef1b797dba424534c9f2cbbe16c95c5d6b06fb8200427f48b82f21ee1db,PASSED
OTHER,hydrology/rootzone_soil_moisture/03_rootzone_soil_moisture_domain_mean_timeseries_2016.pdf,29814,29814,01dea5838fec0d2a71ff585c56b8879f12dca21e45ce2b48182731feaa57fbc1,01dea5838fec0d2a71ff585c56b8879f12dca21e45ce2b48182731feaa57fbc1,PASSED
IMAGE,hydrology/rootzone_soil_moisture/01_rootzone_soil_moisture_annual_mean_2016.png,534527,534527,f8c74519f2c1cc29a971954e2258d041cbdff45a72ee9777b76dee58438dcbbe,f8c74519f2c1cc29a971954e2258d041cbdff45a72ee9777b76dee58438dcbbe,PASSED
CONFIG,hydrology/rootzone_soil_moisture/processing_log.yaml,1500,1500,8b42b38e676619d9519103491dc388002fd4f69eaaf544478f52240acbf9ec36,8b42b38e676619d9519103491dc388002fd4f69eaaf544478f52240acbf9ec36,PASSED
IMAGE,hydrology/water_table_depth/water_table_depth_differences_2016.png,209357,209357,67285ddaae71a94922cb85b646cefbcef4624047be25b504bf2a038e7e064984,67285ddaae71a94922cb85b646cefbcef4624047be25b504bf2a038e7e064984,PASSED
CONFIG,hydrology/water_table_depth/resolved_config.yaml,4353,4353,8497d2fb82f2480a8edff606a7781e7dba1a32dcb3053cb8d9cfc77bc5ae40a7,8497d2fb82f2480a8edff606a7781e7dba1a32dcb3053cb8d9cfc77bc5ae40a7,PASSED
METRICS,hydrology/water_table_depth/water_table_depth_annual_mean_2016.json,311,311,5c998b5ff08e9d733b24a7f8efa0ab9be8a98315c38620c9a97d2aeb911c334d,5c998b5ff08e9d733b24a7f8efa0ab9be8a98315c38620c9a97d2aeb911c334d,PASSED
IMAGE,hydrology/water_table_depth/01_water_table_depth_annual_mean_2016.png,469562,469562,9520a731449f5e4f10f1f0e561145d284f5069f1e3d5c68b68e3811367737428,9520a731449f5e4f10f1f0e561145d284f5069f1e3d5c68b68e3811367737428,PASSED
IMAGE,hydrology/water_table_depth/03_water_table_depth_domain_mean_timeseries_2016.png,662850,662850,f6767be4be8caa107da655d796a17395ce51dc57c4d1a4d3235b78434f77139d,f6767be4be8caa107da655d796a17395ce51dc57c4d1a4d3235b78434f77139d,PASSED
OTHER,hydrology/water_table_depth/03_water_table_depth_domain_mean_timeseries_2016.pdf,20945,20945,d8d171a2cff9e6be779459a8f136bfbadab2334ef169974bfca2c5c5ff6571ff,d8d171a2cff9e6be779459a8f136bfbadab2334ef169974bfca2c5c5ff6571ff,PASSED
METRICS,hydrology/water_table_depth/water_table_depth_differences_2016.json,309,309,8af172e8c36a508121d38c2dbfe752a23dac30fc24cd383f91359d1b6b2d965f,8af172e8c36a508121d38c2dbfe752a23dac30fc24cd383f91359d1b6b2d965f,PASSED
IMAGE,hydrology/water_table_depth/water_table_depth_domain_mean_timeseries_2016.png,226911,226911,a9ffc47ea5f40fe968b655a2968c8813240716d2730419f95fb42f056663c77a,a9ffc47ea5f40fe968b655a2968c8813240716d2730419f95fb42f056663c77a,PASSED
IMAGE,hydrology/water_table_depth/water_table_depth_annual_mean_2016.png,167268,167268,bb2a56d5f3ef5b47788e1eb2675abfa7b2f2cf51e7a1a8ddf9fadafad79c0014,bb2a56d5f3ef5b47788e1eb2675abfa7b2f2cf51e7a1a8ddf9fadafad79c0014,PASSED
METRICS,hydrology/water_table_depth/water_table_depth_domain_mean_timeseries_2016.json,326,326,bc7a53442d63a36d15b3122ed17d53eba7b3eabb937112f596055194c06ad31b,bc7a53442d63a36d15b3122ed17d53eba7b3eabb937112f596055194c06ad31b,PASSED
OTHER,hydrology/water_table_depth/01_water_table_depth_annual_mean_2016.pdf,121624,121624,2f27f09874c5323462494a59b9454e826865fc77e2c37d303a33fb8f5119d557,2f27f09874c5323462494a59b9454e826865fc77e2c37d303a33fb8f5119d557,PASSED
IMAGE,hydrology/water_table_depth/02_water_table_depth_differences_2016.png,652490,652490,a4f3c3b07433e15ac442f60a3b9cc9e8ca96197316d5f4351ab0e6848a984fbd,a4f3c3b07433e15ac442f60a3b9cc9e8ca96197316d5f4351ab0e6848a984fbd,PASSED
OTHER,hydrology/water_table_depth/02_water_table_depth_differences_2016.pdf,180686,180686,779062df0a6f251b4b635f95ec0e93226684598960effa068e4b58173e72e9bd,779062df0a6f251b4b635f95ec0e93226684598960effa068e4b58173e72e9bd,PASSED
CONFIG,hydrology/water_table_depth/processing_log.yaml,2620,2620,5b4a10d2ae4c756207e5aaea9655394bfb0c2868d6ca7d72262118caccc2870d,5b4a10d2ae4c756207e5aaea9655394bfb0c2868d6ca7d72262118caccc2870d,PASSED
OTHER,hydrology/total_runoff/01_total_runoff_annual_mean_2016.pdf,126846,126846,ee1a98163998c672c579f2d5a29f41ba2b261fd7edccec15360d651b58b2abd5,ee1a98163998c672c579f2d5a29f41ba2b261fd7edccec15360d651b58b2abd5,PASSED
CONFIG,hydrology/total_runoff/resolved_config.yaml,4420,4420,267b800226547ab7b6a5b6cc64b6f0f9ff22cccfd15ffcda3eae7c188282c732,267b800226547ab7b6a5b6cc64b6f0f9ff22cccfd15ffcda3eae7c188282c732,PASSED
IMAGE,hydrology/total_runoff/total_runoff_differences_2016.png,177203,177203,6a6d063b0e0abc29bf42aa7766b55aa007653b735ba05dc39e86e961de77d61f,6a6d063b0e0abc29bf42aa7766b55aa007653b735ba05dc39e86e961de77d61f,PASSED
OTHER,hydrology/total_runoff/02_total_runoff_differences_2016.pdf,127662,127662,c599f1a932d2a508f51bc6a8f7c8232165f2cb87217c18e0249c8539885f7860,c599f1a932d2a508f51bc6a8f7c8232165f2cb87217c18e0249c8539885f7860,PASSED
IMAGE,hydrology/total_runoff/total_runoff_domain_mean_timeseries_2016.png,430157,430157,a88a684cd513bfc06a3890675c92260f09e0c5723f8097071799a3453fcae78f,a88a684cd513bfc06a3890675c92260f09e0c5723f8097071799a3453fcae78f,PASSED
METRICS,hydrology/total_runoff/total_runoff_differences_2016.json,289,289,2a64dcd1fb3f0ce566a6a1aab0900b2597f7443da690487623284c8e71260b78,2a64dcd1fb3f0ce566a6a1aab0900b2597f7443da690487623284c8e71260b78,PASSED
METRICS,hydrology/total_runoff/total_runoff_domain_mean_timeseries_2016.json,306,306,31c74ba47fec7855a3023a47de97debb69baaccd9b662c59e53d801fe6b49aa1,31c74ba47fec7855a3023a47de97debb69baaccd9b662c59e53d801fe6b49aa1,PASSED
IMAGE,hydrology/total_runoff/01_total_runoff_annual_mean_2016.png,471500,471500,8082fad14121dbb4e27f5282bb073c04917d41604af4d850a3c651e707385f3f,8082fad14121dbb4e27f5282bb073c04917d41604af4d850a3c651e707385f3f,PASSED
IMAGE,hydrology/total_runoff/total_runoff_annual_mean_2016.png,136651,136651,f87aa6d8dce64171e0d79f8f9e7849fbc9cfb472ec654d62075c43410d44c7bb,f87aa6d8dce64171e0d79f8f9e7849fbc9cfb472ec654d62075c43410d44c7bb,PASSED
METRICS,hydrology/total_runoff/total_runoff_annual_mean_2016.json,291,291,18d122a845db74027a28b94f758cd7807c6046e49dcc7cf46bd8f5ff810ec918,18d122a845db74027a28b94f758cd7807c6046e49dcc7cf46bd8f5ff810ec918,PASSED
IMAGE,hydrology/total_runoff/03_total_runoff_domain_mean_timeseries_2016.png,978056,978056,a756c963f17791a91f163f92b0f8b4fda3a9451b98a0172aee6f9895617b6831,a756c963f17791a91f163f92b0f8b4fda3a9451b98a0172aee6f9895617b6831,PASSED
OTHER,hydrology/total_runoff/03_total_runoff_domain_mean_timeseries_2016.pdf,29176,29176,022e617d84f6f30d8c02c6a74e843d165bb2978f36014f6a3abcab1c4a116404,022e617d84f6f30d8c02c6a74e843d165bb2978f36014f6a3abcab1c4a116404,PASSED
IMAGE,hydrology/total_runoff/02_total_runoff_differences_2016.png,580190,580190,01df67d752b5f147e993118f8c13f6f9fa14ec2ccd78730cf65bf22cc852db3b,01df67d752b5f147e993118f8c13f6f9fa14ec2ccd78730cf65bf22cc852db3b,PASSED
CONFIG,hydrology/total_runoff/processing_log.yaml,2715,2715,6cb6d59186c4c0344f4a763cd5ef7b223a1100a05de36deadd610c1056f75531,6cb6d59186c4c0344f4a763cd5ef7b223a1100a05de36deadd610c1056f75531,PASSED
CONFIG,hydrology/baseflow/resolved_config.yaml,4301,4301,359475a71472934a7840ebaf6152d7106dff2153b7da3b28dfcaead979d58480,359475a71472934a7840ebaf6152d7106dff2153b7da3b28dfcaead979d58480,PASSED
METRICS,hydrology/baseflow/baseflow_differences_2016.json,273,273,93158a0f7866503c3ec555b352f4edfb8ff7b6b44b6c112c1c8132b5935b1c06,93158a0f7866503c3ec555b352f4edfb8ff7b6b44b6c112c1c8132b5935b1c06,PASSED
IMAGE,hydrology/baseflow/baseflow_differences_2016.png,177301,177301,86c8ce9dbca7581bc63de892acbf70cec0e4a445a88ad0bd9776dc810fd61325,86c8ce9dbca7581bc63de892acbf70cec0e4a445a88ad0bd9776dc810fd61325,PASSED
IMAGE,hydrology/baseflow/baseflow_annual_mean_2016.png,151629,151629,e771d2f642b299ea16baf0a25a64ac02b30dc5559fbff307aeacf1d91cee703e,e771d2f642b299ea16baf0a25a64ac02b30dc5559fbff307aeacf1d91cee703e,PASSED
METRICS,hydrology/baseflow/baseflow_domain_mean_timeseries_2016.json,290,290,6f2804008236317a4af0a16fb2fd96b38dd1fd2e67dbe576fcb670e1165cc0be,6f2804008236317a4af0a16fb2fd96b38dd1fd2e67dbe576fcb670e1165cc0be,PASSED
IMAGE,hydrology/baseflow/03_baseflow_domain_mean_timeseries_2016.png,521379,521379,90bface5fac08c7039aa01c07c1fa6d04791f8878c857be4c8e91d649282f4d9,90bface5fac08c7039aa01c07c1fa6d04791f8878c857be4c8e91d649282f4d9,PASSED
OTHER,hydrology/baseflow/02_baseflow_differences_2016.pdf,140954,140954,b4c7439a71931e903877092f00994f9553b2947de2e8101e3094ce5a20c20f15,b4c7439a71931e903877092f00994f9553b2947de2e8101e3094ce5a20c20f15,PASSED
OTHER,hydrology/baseflow/01_baseflow_annual_mean_2016.pdf,145404,145404,90469178dfd645d0f5c7b45f5840d8f43cde54b3c6d4e882ea43e1d165b16c61,90469178dfd645d0f5c7b45f5840d8f43cde54b3c6d4e882ea43e1d165b16c61,PASSED
IMAGE,hydrology/baseflow/baseflow_domain_mean_timeseries_2016.png,178320,178320,d8d91b51d1bff367b1808390a8c6d3ccaff84a1d3e7ff7486d6d3821488a7630,d8d91b51d1bff367b1808390a8c6d3ccaff84a1d3e7ff7486d6d3821488a7630,PASSED
IMAGE,hydrology/baseflow/02_baseflow_differences_2016.png,585199,585199,487859adbecebe097b70668ba5b311ba8dfef3941bb7a0060d1107d63ce2355f,487859adbecebe097b70668ba5b311ba8dfef3941bb7a0060d1107d63ce2355f,PASSED
METRICS,hydrology/baseflow/baseflow_annual_mean_2016.json,275,275,04ca21cb932fd2c02224e25168dec56036271e1ca2a839714853ab2b72a85f23,04ca21cb932fd2c02224e25168dec56036271e1ca2a839714853ab2b72a85f23,PASSED
IMAGE,hydrology/baseflow/01_baseflow_annual_mean_2016.png,513669,513669,fe04746e3dd07f090a4072ef527e471c09b6a510062d9837e7ab6d23b13141ce,fe04746e3dd07f090a4072ef527e471c09b6a510062d9837e7ab6d23b13141ce,PASSED
OTHER,hydrology/baseflow/03_baseflow_domain_mean_timeseries_2016.pdf,21749,21749,67bb3619224ee0aa867669ac91b19c4deb3115bfbc5f69120ff43211ce41897f,67bb3619224ee0aa867669ac91b19c4deb3115bfbc5f69120ff43211ce41897f,PASSED
CONFIG,hydrology/baseflow/processing_log.yaml,1165,1165,646574b94d8d1119b6a145f1a248ef9478dfa75df48b1c9f644476b34a6af678,646574b94d8d1119b6a145f1a248ef9478dfa75df48b1c9f644476b34a6af678,PASSED
METRICS,hydrology/evapotranspiration/evapotranspiration_domain_mean_timeseries_2016.json,330,330,7918a7f0e3e627c976cbbcd5f5ca7ac43c84b6184da3b2cdb0a09c5e5f518ead,7918a7f0e3e627c976cbbcd5f5ca7ac43c84b6184da3b2cdb0a09c5e5f518ead,PASSED
CONFIG,hydrology/evapotranspiration/resolved_config.yaml,4111,4111,412d5f6211d60d5a047df7a09b5d8430c2705473ae6511b61b5d55cf9d65a338,412d5f6211d60d5a047df7a09b5d8430c2705473ae6511b61b5d55cf9d65a338,PASSED
IMAGE,hydrology/evapotranspiration/evapotranspiration_domain_mean_timeseries_2016.png,515568,515568,e872d5f312e8ad52c1dfb6cda0c2fcc232873b1f60295dec4941dc1f4150641f,e872d5f312e8ad52c1dfb6cda0c2fcc232873b1f60295dec4941dc1f4150641f,PASSED
METRICS,hydrology/evapotranspiration/evapotranspiration_differences_2016.json,313,313,aee748bb0e44050d68787adf0b7880cf7846fdff8b50cbe3988dee5fea50790f,aee748bb0e44050d68787adf0b7880cf7846fdff8b50cbe3988dee5fea50790f,PASSED
IMAGE,hydrology/evapotranspiration/02_evapotranspiration_differences_2016.png,592977,592977,70591553ecbb2f104c27df14a4b7e004c1210e2a297edc7b30438b7871cc28c9,70591553ecbb2f104c27df14a4b7e004c1210e2a297edc7b30438b7871cc28c9,PASSED
IMAGE,hydrology/evapotranspiration/evapotranspiration_differences_2016.png,200705,200705,56376f913f76f2b7de3186cade6a64d003cc68cd046fc1d0c7de39dbd2cc5203,56376f913f76f2b7de3186cade6a64d003cc68cd046fc1d0c7de39dbd2cc5203,PASSED
OTHER,hydrology/evapotranspiration/03_evapotranspiration_domain_mean_timeseries_2016.pdf,32140,32140,5e8f4f75fc03026907fd1d9df72dce261908761411569c1f7a32feb967116957,5e8f4f75fc03026907fd1d9df72dce261908761411569c1f7a32feb967116957,PASSED
IMAGE,hydrology/evapotranspiration/03_evapotranspiration_domain_mean_timeseries_2016.png,976121,976121,cac5c5f1106e1b283a2b6afa5b338614700a0a3331d624188871aa99ea329b22,cac5c5f1106e1b283a2b6afa5b338614700a0a3331d624188871aa99ea329b22,PASSED
IMAGE,hydrology/evapotranspiration/01_evapotranspiration_annual_mean_2016.png,475488,475488,d277c7b39a468aea72c5a6936eafec27d2014d4ca15cc2bfcfafa64860f05354,d277c7b39a468aea72c5a6936eafec27d2014d4ca15cc2bfcfafa64860f05354,PASSED
METRICS,hydrology/evapotranspiration/evapotranspiration_annual_mean_2016.json,315,315,c549fe0d39cd2b8535b40a777ec2c03be8a52cdc5e016b919916b3941b121531,c549fe0d39cd2b8535b40a777ec2c03be8a52cdc5e016b919916b3941b121531,PASSED
OTHER,hydrology/evapotranspiration/02_evapotranspiration_differences_2016.pdf,135175,135175,3e95f8fdf22f9570c1005fa174107f88ca1df9b862b8a74a1d70fc160da8e077,3e95f8fdf22f9570c1005fa174107f88ca1df9b862b8a74a1d70fc160da8e077,PASSED
OTHER,hydrology/evapotranspiration/01_evapotranspiration_annual_mean_2016.pdf,118287,118287,72440b7abff9c7af406da75e8ba562ad91bb8c6908fdc6e18e3128436510fdb1,72440b7abff9c7af406da75e8ba562ad91bb8c6908fdc6e18e3128436510fdb1,PASSED
IMAGE,hydrology/evapotranspiration/evapotranspiration_annual_mean_2016.png,147293,147293,084636f2620e09ded88908713542d69bccfbcb977975f8caa6a81f92aaf12575,084636f2620e09ded88908713542d69bccfbcb977975f8caa6a81f92aaf12575,PASSED
CONFIG,hydrology/evapotranspiration/processing_log.yaml,1132,1132,4f284704bd307e25526de7b61e01a92f984e8a8f69d9b9b37f4f1dba5206f85c,4f284704bd307e25526de7b61e01a92f984e8a8f69d9b9b37f4f1dba5206f85c,PASSED
IMAGE,domain/01_domain_sebou_saiss_abhs.png,89641,89641,e62dbee2691164fdc9ecd6e2eeaddae9e79994fccc63a32e262f77d7aa3ae3ff,e62dbee2691164fdc9ecd6e2eeaddae9e79994fccc63a32e262f77d7aa3ae3ff,PASSED
IMAGE,domain/Fig0_c_topography.png,327957,327957,7979c8faddeca4b35f3408170bfb63ed84b7fbcb89dda941b5c58f615d62ec21,7979c8faddeca4b35f3408170bfb63ed84b7fbcb89dda941b5c58f615d62ec21,PASSED
IMAGE,domain/Fig0_b_soil_texture.png,297225,297225,7a4bdcffa29d81c487652eb21701433846e74d0980aa674e5790513918c1a57f,7a4bdcffa29d81c487652eb21701433846e74d0980aa674e5790513918c1a57f,PASSED
IMAGE,domain/Fig0_d_basins_and_insitudata.png,577462,577462,cdd924064aac75c0a0401fa8451861196421acb89ebb17485c11f76274e6c177,cdd924064aac75c0a0401fa8451861196421acb89ebb17485c11f76274e6c177,PASSED
IMAGE,domain/Fig0_a_landcover.png,403318,403318,9864a9e960ca5be6996d1fc1625619895bf05c77999345e9b83abbb680090204,9864a9e960ca5be6996d1fc1625619895bf05c77999345e9b83abbb680090204,PASSED
